INSERT INTO "GEN_TABLE"("TABLE_ID", "TABLE_NAME", "TABLE_COMMENT", "SUB_TABLE_NAME", "SUB_TABLE_FK_NAME", "CLASS_NAME", "TPL_CATEGORY", "PACKAGE_NAME", "MODULE_NAME", "BUSINESS_NAME", "FUNCTION_NAME", "FUNCTION_AUTHOR", "GEN_TYPE", "GEN_PATH", "OPTIONS", "CREATE_BY", "CREATE_TIME", "UPDATE_BY", "UPDATE_TIME", "REMARK") VALUES ('100', 'sys_role_menu', '角色和菜单关联表', NULL, NULL, 'SysRoleMenu', 'crud', 'com.ruoyi.system', 'system', 'menu', '角色和菜单关联', 'ruoyi', '0', '/', NULL, 'admin', TO_DATE('2021-01-17 15:41:31', 'SYYYY-MM-DD HH24:MI:SS'), NULL, NULL, NULL);
INSERT INTO "GEN_TABLE"("TABLE_ID", "TABLE_NAME", "TABLE_COMMENT", "SUB_TABLE_NAME", "SUB_TABLE_FK_NAME", "CLASS_NAME", "TPL_CATEGORY", "PACKAGE_NAME", "MODULE_NAME", "BUSINESS_NAME", "FUNCTION_NAME", "FUNCTION_AUTHOR", "GEN_TYPE", "GEN_PATH", "OPTIONS", "CREATE_BY", "CREATE_TIME", "UPDATE_BY", "UPDATE_TIME", "REMARK") VALUES ('101', 'sys_site', '站点管理', NULL, NULL, 'SysSite', 'crud', 'com.ruoyi.system', 'system', 'site', '站点管理', 'ruoyi', '0', '/', '{"parentMenuId":"1","treeName":"","treeParentCode":"","parentMenuName":"系统管理","treeCode":""}', 'admin', TO_DATE('2021-01-17 16:42:09', 'SYYYY-MM-DD HH24:MI:SS'), NULL, TO_DATE('2021-01-17 17:00:19', 'SYYYY-MM-DD HH24:MI:SS'), NULL);
INSERT INTO "GEN_TABLE_COLUMN"("COLUMN_ID", "TABLE_ID", "COLUMN_NAME", "COLUMN_COMMENT", "COLUMN_TYPE", "JAVA_TYPE", "JAVA_FIELD", "IS_PK", "IS_INCREMENT", "IS_REQUIRED", "IS_INSERT", "IS_EDIT", "IS_LIST", "IS_QUERY", "QUERY_TYPE", "HTML_TYPE", "DICT_TYPE", "SORT", "CREATE_BY", "CREATE_TIME", "UPDATE_BY", "UPDATE_TIME") VALUES ('100', '100', 'role_id', '角色ID', 'number', 'Long', 'roleId', '1', '1', NULL, '1', NULL, NULL, NULL, 'EQ', 'input', NULL, '1', 'admin', TO_DATE('2021-01-17 15:41:33', 'SYYYY-MM-DD HH24:MI:SS'), NULL, NULL);
INSERT INTO "GEN_TABLE_COLUMN"("COLUMN_ID", "TABLE_ID", "COLUMN_NAME", "COLUMN_COMMENT", "COLUMN_TYPE", "JAVA_TYPE", "JAVA_FIELD", "IS_PK", "IS_INCREMENT", "IS_REQUIRED", "IS_INSERT", "IS_EDIT", "IS_LIST", "IS_QUERY", "QUERY_TYPE", "HTML_TYPE", "DICT_TYPE", "SORT", "CREATE_BY", "CREATE_TIME", "UPDATE_BY", "UPDATE_TIME") VALUES ('101', '100', 'menu_id', '菜单ID', 'number', 'Long', 'menuId', '1', '1', NULL, '1', NULL, NULL, NULL, 'EQ', 'input', NULL, '2', 'admin', TO_DATE('2021-01-17 15:41:33', 'SYYYY-MM-DD HH24:MI:SS'), NULL, NULL);
INSERT INTO "GEN_TABLE_COLUMN"("COLUMN_ID", "TABLE_ID", "COLUMN_NAME", "COLUMN_COMMENT", "COLUMN_TYPE", "JAVA_TYPE", "JAVA_FIELD", "IS_PK", "IS_INCREMENT", "IS_REQUIRED", "IS_INSERT", "IS_EDIT", "IS_LIST", "IS_QUERY", "QUERY_TYPE", "HTML_TYPE", "DICT_TYPE", "SORT", "CREATE_BY", "CREATE_TIME", "UPDATE_BY", "UPDATE_TIME") VALUES ('102', '101', 'site_id', NULL, 'number', 'Long', 'siteId', '0', '0', '1', '1', '1', '1', '1', 'EQ', 'input', NULL, '1', 'admin', TO_DATE('2021-01-17 16:42:11', 'SYYYY-MM-DD HH24:MI:SS'), NULL, TO_DATE('2021-01-17 17:00:19', 'SYYYY-MM-DD HH24:MI:SS'));
INSERT INTO "GEN_TABLE_COLUMN"("COLUMN_ID", "TABLE_ID", "COLUMN_NAME", "COLUMN_COMMENT", "COLUMN_TYPE", "JAVA_TYPE", "JAVA_FIELD", "IS_PK", "IS_INCREMENT", "IS_REQUIRED", "IS_INSERT", "IS_EDIT", "IS_LIST", "IS_QUERY", "QUERY_TYPE", "HTML_TYPE", "DICT_TYPE", "SORT", "CREATE_BY", "CREATE_TIME", "UPDATE_BY", "UPDATE_TIME") VALUES ('103', '101', 'site_name', NULL, 'varchar2', 'String', 'siteName', '0', '0', '1', '1', '1', '1', '1', 'LIKE', 'input', NULL, '2', 'admin', TO_DATE('2021-01-17 16:42:11', 'SYYYY-MM-DD HH24:MI:SS'), NULL, TO_DATE('2021-01-17 17:00:19', 'SYYYY-MM-DD HH24:MI:SS'));
INSERT INTO "GEN_TABLE_COLUMN"("COLUMN_ID", "TABLE_ID", "COLUMN_NAME", "COLUMN_COMMENT", "COLUMN_TYPE", "JAVA_TYPE", "JAVA_FIELD", "IS_PK", "IS_INCREMENT", "IS_REQUIRED", "IS_INSERT", "IS_EDIT", "IS_LIST", "IS_QUERY", "QUERY_TYPE", "HTML_TYPE", "DICT_TYPE", "SORT", "CREATE_BY", "CREATE_TIME", "UPDATE_BY", "UPDATE_TIME") VALUES ('104', '101', 'site_desc', NULL, 'varchar2', 'String', 'siteDesc', '0', '0', NULL, '1', '1', '1', '1', 'EQ', 'input', NULL, '3', 'admin', TO_DATE('2021-01-17 16:42:11', 'SYYYY-MM-DD HH24:MI:SS'), NULL, TO_DATE('2021-01-17 17:00:19', 'SYYYY-MM-DD HH24:MI:SS'));
INSERT INTO "GEN_TABLE_COLUMN"("COLUMN_ID", "TABLE_ID", "COLUMN_NAME", "COLUMN_COMMENT", "COLUMN_TYPE", "JAVA_TYPE", "JAVA_FIELD", "IS_PK", "IS_INCREMENT", "IS_REQUIRED", "IS_INSERT", "IS_EDIT", "IS_LIST", "IS_QUERY", "QUERY_TYPE", "HTML_TYPE", "DICT_TYPE", "SORT", "CREATE_BY", "CREATE_TIME", "UPDATE_BY", "UPDATE_TIME") VALUES ('105', '101', 'site_url', NULL, 'varchar2', 'String', 'siteUrl', '0', '0', '1', '1', '1', '1', '1', 'EQ', 'input', NULL, '4', 'admin', TO_DATE('2021-01-17 16:42:11', 'SYYYY-MM-DD HH24:MI:SS'), NULL, TO_DATE('2021-01-17 17:00:19', 'SYYYY-MM-DD HH24:MI:SS'));
INSERT INTO "GEN_TABLE_COLUMN"("COLUMN_ID", "TABLE_ID", "COLUMN_NAME", "COLUMN_COMMENT", "COLUMN_TYPE", "JAVA_TYPE", "JAVA_FIELD", "IS_PK", "IS_INCREMENT", "IS_REQUIRED", "IS_INSERT", "IS_EDIT", "IS_LIST", "IS_QUERY", "QUERY_TYPE", "HTML_TYPE", "DICT_TYPE", "SORT", "CREATE_BY", "CREATE_TIME", "UPDATE_BY", "UPDATE_TIME") VALUES ('106', '101', 'site_img', NULL, 'varchar2', 'String', 'siteImg', '0', '0', '1', '1', '1', '1', '1', 'EQ', 'input', NULL, '5', 'admin', TO_DATE('2021-01-17 16:42:11', 'SYYYY-MM-DD HH24:MI:SS'), NULL, TO_DATE('2021-01-17 17:00:19', 'SYYYY-MM-DD HH24:MI:SS'));
INSERT INTO "GEN_TABLE_COLUMN"("COLUMN_ID", "TABLE_ID", "COLUMN_NAME", "COLUMN_COMMENT", "COLUMN_TYPE", "JAVA_TYPE", "JAVA_FIELD", "IS_PK", "IS_INCREMENT", "IS_REQUIRED", "IS_INSERT", "IS_EDIT", "IS_LIST", "IS_QUERY", "QUERY_TYPE", "HTML_TYPE", "DICT_TYPE", "SORT", "CREATE_BY", "CREATE_TIME", "UPDATE_BY", "UPDATE_TIME") VALUES ('107', '101', 'site_sort', NULL, 'number', 'Long', 'siteSort', '0', '0', '1', '1', '1', '1', '1', 'EQ', 'input', NULL, '6', 'admin', TO_DATE('2021-01-17 16:42:11', 'SYYYY-MM-DD HH24:MI:SS'), NULL, TO_DATE('2021-01-17 17:00:19', 'SYYYY-MM-DD HH24:MI:SS'));
INSERT INTO "GEN_TABLE_COLUMN"("COLUMN_ID", "TABLE_ID", "COLUMN_NAME", "COLUMN_COMMENT", "COLUMN_TYPE", "JAVA_TYPE", "JAVA_FIELD", "IS_PK", "IS_INCREMENT", "IS_REQUIRED", "IS_INSERT", "IS_EDIT", "IS_LIST", "IS_QUERY", "QUERY_TYPE", "HTML_TYPE", "DICT_TYPE", "SORT", "CREATE_BY", "CREATE_TIME", "UPDATE_BY", "UPDATE_TIME") VALUES ('108', '101', 'status', NULL, 'char', 'String', 'status', '0', '0', '1', '1', '1', '1', '1', 'EQ', 'radio', NULL, '7', 'admin', TO_DATE('2021-01-17 16:42:11', 'SYYYY-MM-DD HH24:MI:SS'), NULL, TO_DATE('2021-01-17 17:00:19', 'SYYYY-MM-DD HH24:MI:SS'));
INSERT INTO "GEN_TABLE_COLUMN"("COLUMN_ID", "TABLE_ID", "COLUMN_NAME", "COLUMN_COMMENT", "COLUMN_TYPE", "JAVA_TYPE", "JAVA_FIELD", "IS_PK", "IS_INCREMENT", "IS_REQUIRED", "IS_INSERT", "IS_EDIT", "IS_LIST", "IS_QUERY", "QUERY_TYPE", "HTML_TYPE", "DICT_TYPE", "SORT", "CREATE_BY", "CREATE_TIME", "UPDATE_BY", "UPDATE_TIME") VALUES ('109', '101', 'site_type', NULL, 'varchar2', 'String', 'siteType', '0', '0', '1', '1', '1', '1', '1', 'EQ', 'select', NULL, '8', 'admin', TO_DATE('2021-01-17 16:42:11', 'SYYYY-MM-DD HH24:MI:SS'), NULL, TO_DATE('2021-01-17 17:00:19', 'SYYYY-MM-DD HH24:MI:SS'));
INSERT INTO "GEN_TABLE_COLUMN"("COLUMN_ID", "TABLE_ID", "COLUMN_NAME", "COLUMN_COMMENT", "COLUMN_TYPE", "JAVA_TYPE", "JAVA_FIELD", "IS_PK", "IS_INCREMENT", "IS_REQUIRED", "IS_INSERT", "IS_EDIT", "IS_LIST", "IS_QUERY", "QUERY_TYPE", "HTML_TYPE", "DICT_TYPE", "SORT", "CREATE_BY", "CREATE_TIME", "UPDATE_BY", "UPDATE_TIME") VALUES ('110', '101', 'create_by', NULL, 'varchar2', 'String', 'createBy', '0', '0', NULL, '1', NULL, NULL, NULL, 'EQ', 'input', NULL, '9', 'admin', TO_DATE('2021-01-17 16:42:11', 'SYYYY-MM-DD HH24:MI:SS'), NULL, TO_DATE('2021-01-17 17:00:19', 'SYYYY-MM-DD HH24:MI:SS'));
INSERT INTO "GEN_TABLE_COLUMN"("COLUMN_ID", "TABLE_ID", "COLUMN_NAME", "COLUMN_COMMENT", "COLUMN_TYPE", "JAVA_TYPE", "JAVA_FIELD", "IS_PK", "IS_INCREMENT", "IS_REQUIRED", "IS_INSERT", "IS_EDIT", "IS_LIST", "IS_QUERY", "QUERY_TYPE", "HTML_TYPE", "DICT_TYPE", "SORT", "CREATE_BY", "CREATE_TIME", "UPDATE_BY", "UPDATE_TIME") VALUES ('111', '101', 'create_time', NULL, 'date', 'Date', 'createTime', '0', '0', NULL, '1', NULL, NULL, NULL, 'EQ', 'datetime', NULL, '10', 'admin', TO_DATE('2021-01-17 16:42:11', 'SYYYY-MM-DD HH24:MI:SS'), NULL, TO_DATE('2021-01-17 17:00:19', 'SYYYY-MM-DD HH24:MI:SS'));
INSERT INTO "GEN_TABLE_COLUMN"("COLUMN_ID", "TABLE_ID", "COLUMN_NAME", "COLUMN_COMMENT", "COLUMN_TYPE", "JAVA_TYPE", "JAVA_FIELD", "IS_PK", "IS_INCREMENT", "IS_REQUIRED", "IS_INSERT", "IS_EDIT", "IS_LIST", "IS_QUERY", "QUERY_TYPE", "HTML_TYPE", "DICT_TYPE", "SORT", "CREATE_BY", "CREATE_TIME", "UPDATE_BY", "UPDATE_TIME") VALUES ('112', '101', 'update_by', NULL, 'varchar2', 'String', 'updateBy', '0', '0', NULL, '1', '1', NULL, NULL, 'EQ', 'input', NULL, '11', 'admin', TO_DATE('2021-01-17 16:42:11', 'SYYYY-MM-DD HH24:MI:SS'), NULL, TO_DATE('2021-01-17 17:00:19', 'SYYYY-MM-DD HH24:MI:SS'));
INSERT INTO "GEN_TABLE_COLUMN"("COLUMN_ID", "TABLE_ID", "COLUMN_NAME", "COLUMN_COMMENT", "COLUMN_TYPE", "JAVA_TYPE", "JAVA_FIELD", "IS_PK", "IS_INCREMENT", "IS_REQUIRED", "IS_INSERT", "IS_EDIT", "IS_LIST", "IS_QUERY", "QUERY_TYPE", "HTML_TYPE", "DICT_TYPE", "SORT", "CREATE_BY", "CREATE_TIME", "UPDATE_BY", "UPDATE_TIME") VALUES ('113', '101', 'update_time', NULL, 'date', 'Date', 'updateTime', '0', '0', NULL, '1', '1', NULL, NULL, 'EQ', 'datetime', NULL, '12', 'admin', TO_DATE('2021-01-17 16:42:11', 'SYYYY-MM-DD HH24:MI:SS'), NULL, TO_DATE('2021-01-17 17:00:19', 'SYYYY-MM-DD HH24:MI:SS'));
INSERT INTO "QRTZ_CRON_TRIGGERS"("SCHED_NAME", "TRIGGER_NAME", "TRIGGER_GROUP", "CRON_EXPRESSION", "TIME_ZONE_ID") VALUES ('RuoyiScheduler', 'TASK_CLASS_NAME3', 'DEFAULT', '0/20 * * * * ?', 'Asia/Shanghai');
INSERT INTO "QRTZ_CRON_TRIGGERS"("SCHED_NAME", "TRIGGER_NAME", "TRIGGER_GROUP", "CRON_EXPRESSION", "TIME_ZONE_ID") VALUES ('RuoyiScheduler', 'TASK_CLASS_NAME1', 'DEFAULT', '0/10 * * * * ?', 'Asia/Shanghai');
INSERT INTO "QRTZ_CRON_TRIGGERS"("SCHED_NAME", "TRIGGER_NAME", "TRIGGER_GROUP", "CRON_EXPRESSION", "TIME_ZONE_ID") VALUES ('RuoyiScheduler', 'TASK_CLASS_NAME2', 'DEFAULT', '0/15 * * * * ?', 'Asia/Shanghai');
INSERT INTO "QRTZ_JOB_DETAILS"("SCHED_NAME", "JOB_NAME", "JOB_GROUP", "DESCRIPTION", "JOB_CLASS_NAME", "IS_DURABLE", "IS_NONCONCURRENT", "IS_UPDATE_DATA", "REQUESTS_RECOVERY", "JOB_DATA") VALUES ('RuoyiScheduler', 'TASK_CLASS_NAME3', 'DEFAULT', NULL, 'com.ruoyi.quartz.util.QuartzDisallowConcurrentExecution', '0', '1', '0', '0', HEXTORAW('ACED0005737200156F72672E71756172747A2E4A6F62446174614D61709FB083E8BFA9B0CB020000787200266F72672E71756172747A2E7574696C732E537472696E674B65794469727479466C61674D61708208E8C3FBC55D280200015A0013616C6C6F77735472616E7369656E74446174617872001D6F72672E71756172747A2E7574696C732E4469727479466C61674D617013E62EAD28760ACE0200025A000564697274794C00036D617074000F4C6A6176612F7574696C2F4D61703B787001737200116A6176612E7574696C2E486173684D61700507DAC1C31660D103000246000A6C6F6164466163746F724900097468726573686F6C6478703F4000000000000C7708000000100000000174000F5441534B5F50524F504552544945537372001E636F6D2E72756F79692E71756172747A2E646F6D61696E2E5379734A6F6200000000000000010200084C000A636F6E63757272656E747400124C6A6176612F6C616E672F537472696E673B4C000E63726F6E45787072657373696F6E71007E00094C000C696E766F6B6554617267657471007E00094C00086A6F6247726F757071007E00094C00056A6F6249647400104C6A6176612F6C616E672F4C6F6E673B4C00076A6F624E616D6571007E00094C000D6D697366697265506F6C69637971007E00094C000673746174757371007E000978720027636F6D2E72756F79692E636F6D6D6F6E2E636F72652E646F6D61696E2E42617365456E7469747900000000000000010200074C0008637265617465427971007E00094C000A63726561746554696D657400104C6A6176612F7574696C2F446174653B4C0006706172616D7371007E00034C000672656D61726B71007E00094C000B73656172636856616C756571007E00094C0008757064617465427971007E00094C000A75706461746554696D6571007E000C787074000561646D696E7372000E6A6176612E7574696C2E44617465686A81014B59741903000078707708000001770E6ECF187870707070707400013174000E302F3230202A202A202A202A203F74003872795461736B2E72794D756C7469706C65506172616D7328277279272C20747275652C20323030304C2C203331362E3530442C203130302974000744454641554C547372000E6A6176612E6C616E672E4C6F6E673B8BE490CC8F23DF0200014A000576616C7565787200106A6176612E6C616E672E4E756D62657286AC951D0B94E08B02000078700000000000000003740018E7B3BBE7BB9FE9BB98E8AEA4EFBC88E5A49AE58F82EFBC8974000133740001317800'));
INSERT INTO "QRTZ_JOB_DETAILS"("SCHED_NAME", "JOB_NAME", "JOB_GROUP", "DESCRIPTION", "JOB_CLASS_NAME", "IS_DURABLE", "IS_NONCONCURRENT", "IS_UPDATE_DATA", "REQUESTS_RECOVERY", "JOB_DATA") VALUES ('RuoyiScheduler', 'TASK_CLASS_NAME1', 'DEFAULT', NULL, 'com.ruoyi.quartz.util.QuartzDisallowConcurrentExecution', '0', '1', '0', '0', HEXTORAW('ACED0005737200156F72672E71756172747A2E4A6F62446174614D61709FB083E8BFA9B0CB020000787200266F72672E71756172747A2E7574696C732E537472696E674B65794469727479466C61674D61708208E8C3FBC55D280200015A0013616C6C6F77735472616E7369656E74446174617872001D6F72672E71756172747A2E7574696C732E4469727479466C61674D617013E62EAD28760ACE0200025A000564697274794C00036D617074000F4C6A6176612F7574696C2F4D61703B787001737200116A6176612E7574696C2E486173684D61700507DAC1C31660D103000246000A6C6F6164466163746F724900097468726573686F6C6478703F4000000000000C7708000000100000000174000F5441534B5F50524F504552544945537372001E636F6D2E72756F79692E71756172747A2E646F6D61696E2E5379734A6F6200000000000000010200084C000A636F6E63757272656E747400124C6A6176612F6C616E672F537472696E673B4C000E63726F6E45787072657373696F6E71007E00094C000C696E766F6B6554617267657471007E00094C00086A6F6247726F757071007E00094C00056A6F6249647400104C6A6176612F6C616E672F4C6F6E673B4C00076A6F624E616D6571007E00094C000D6D697366697265506F6C69637971007E00094C000673746174757371007E000978720027636F6D2E72756F79692E636F6D6D6F6E2E636F72652E646F6D61696E2E42617365456E7469747900000000000000010200074C0008637265617465427971007E00094C000A63726561746554696D657400104C6A6176612F7574696C2F446174653B4C0006706172616D7371007E00034C000672656D61726B71007E00094C000B73656172636856616C756571007E00094C0008757064617465427971007E00094C000A75706461746554696D6571007E000C787074000561646D696E7372000E6A6176612E7574696C2E44617465686A81014B59741903000078707708000001770E6ECF187870707070707400013174000E302F3130202A202A202A202A203F74001172795461736B2E72794E6F506172616D7374000744454641554C547372000E6A6176612E6C616E672E4C6F6E673B8BE490CC8F23DF0200014A000576616C7565787200106A6176612E6C616E672E4E756D62657286AC951D0B94E08B02000078700000000000000001740018E7B3BBE7BB9FE9BB98E8AEA4EFBC88E697A0E58F82EFBC8974000133740001317800'));
INSERT INTO "QRTZ_JOB_DETAILS"("SCHED_NAME", "JOB_NAME", "JOB_GROUP", "DESCRIPTION", "JOB_CLASS_NAME", "IS_DURABLE", "IS_NONCONCURRENT", "IS_UPDATE_DATA", "REQUESTS_RECOVERY", "JOB_DATA") VALUES ('RuoyiScheduler', 'TASK_CLASS_NAME2', 'DEFAULT', NULL, 'com.ruoyi.quartz.util.QuartzDisallowConcurrentExecution', '0', '1', '0', '0', HEXTORAW('ACED0005737200156F72672E71756172747A2E4A6F62446174614D61709FB083E8BFA9B0CB020000787200266F72672E71756172747A2E7574696C732E537472696E674B65794469727479466C61674D61708208E8C3FBC55D280200015A0013616C6C6F77735472616E7369656E74446174617872001D6F72672E71756172747A2E7574696C732E4469727479466C61674D617013E62EAD28760ACE0200025A000564697274794C00036D617074000F4C6A6176612F7574696C2F4D61703B787001737200116A6176612E7574696C2E486173684D61700507DAC1C31660D103000246000A6C6F6164466163746F724900097468726573686F6C6478703F4000000000000C7708000000100000000174000F5441534B5F50524F504552544945537372001E636F6D2E72756F79692E71756172747A2E646F6D61696E2E5379734A6F6200000000000000010200084C000A636F6E63757272656E747400124C6A6176612F6C616E672F537472696E673B4C000E63726F6E45787072657373696F6E71007E00094C000C696E766F6B6554617267657471007E00094C00086A6F6247726F757071007E00094C00056A6F6249647400104C6A6176612F6C616E672F4C6F6E673B4C00076A6F624E616D6571007E00094C000D6D697366697265506F6C69637971007E00094C000673746174757371007E000978720027636F6D2E72756F79692E636F6D6D6F6E2E636F72652E646F6D61696E2E42617365456E7469747900000000000000010200074C0008637265617465427971007E00094C000A63726561746554696D657400104C6A6176612F7574696C2F446174653B4C0006706172616D7371007E00034C000672656D61726B71007E00094C000B73656172636856616C756571007E00094C0008757064617465427971007E00094C000A75706461746554696D6571007E000C787074000561646D696E7372000E6A6176612E7574696C2E44617465686A81014B59741903000078707708000001770E6ECF187870707070707400013174000E302F3135202A202A202A202A203F74001572795461736B2E7279506172616D7328277279272974000744454641554C547372000E6A6176612E6C616E672E4C6F6E673B8BE490CC8F23DF0200014A000576616C7565787200106A6176612E6C616E672E4E756D62657286AC951D0B94E08B02000078700000000000000002740018E7B3BBE7BB9FE9BB98E8AEA4EFBC88E69C89E58F82EFBC8974000133740001317800'));
INSERT INTO "QRTZ_LOCKS"("SCHED_NAME", "LOCK_NAME") VALUES ('RuoyiScheduler', 'STATE_ACCESS');
INSERT INTO "QRTZ_LOCKS"("SCHED_NAME", "LOCK_NAME") VALUES ('RuoyiScheduler', 'TRIGGER_ACCESS');
INSERT INTO "QRTZ_SCHEDULER_STATE"("SCHED_NAME", "INSTANCE_NAME", "LAST_CHECKIN_TIME", "CHECKIN_INTERVAL") VALUES ('RuoyiScheduler', 'DESKTOP-F63QL4A1611048300793', '1611048724124', '15000');
INSERT INTO "QRTZ_SCHEDULER_STATE"("SCHED_NAME", "INSTANCE_NAME", "LAST_CHECKIN_TIME", "CHECKIN_INTERVAL") VALUES ('RuoyiScheduler', 'WIN-AIDKMOKS55B1611048500336', '1611048712993', '15000');
INSERT INTO "QRTZ_TRIGGERS"("SCHED_NAME", "TRIGGER_NAME", "TRIGGER_GROUP", "JOB_NAME", "JOB_GROUP", "DESCRIPTION", "NEXT_FIRE_TIME", "PREV_FIRE_TIME", "PRIORITY", "TRIGGER_STATE", "TRIGGER_TYPE", "START_TIME", "END_TIME", "CALENDAR_NAME", "MISFIRE_INSTR", "JOB_DATA") VALUES ('RuoyiScheduler', 'TASK_CLASS_NAME2', 'DEFAULT', 'TASK_CLASS_NAME2', 'DEFAULT', NULL, '1611048510000', '-1', '5', 'PAUSED', 'CRON', '1611048500000', '0', NULL, '2', NULL);
INSERT INTO "QRTZ_TRIGGERS"("SCHED_NAME", "TRIGGER_NAME", "TRIGGER_GROUP", "JOB_NAME", "JOB_GROUP", "DESCRIPTION", "NEXT_FIRE_TIME", "PREV_FIRE_TIME", "PRIORITY", "TRIGGER_STATE", "TRIGGER_TYPE", "START_TIME", "END_TIME", "CALENDAR_NAME", "MISFIRE_INSTR", "JOB_DATA") VALUES ('RuoyiScheduler', 'TASK_CLASS_NAME3', 'DEFAULT', 'TASK_CLASS_NAME3', 'DEFAULT', NULL, '1611048500000', '-1', '5', 'PAUSED', 'CRON', '1611048500000', '0', NULL, '2', NULL);
INSERT INTO "QRTZ_TRIGGERS"("SCHED_NAME", "TRIGGER_NAME", "TRIGGER_GROUP", "JOB_NAME", "JOB_GROUP", "DESCRIPTION", "NEXT_FIRE_TIME", "PREV_FIRE_TIME", "PRIORITY", "TRIGGER_STATE", "TRIGGER_TYPE", "START_TIME", "END_TIME", "CALENDAR_NAME", "MISFIRE_INSTR", "JOB_DATA") VALUES ('RuoyiScheduler', 'TASK_CLASS_NAME1', 'DEFAULT', 'TASK_CLASS_NAME1', 'DEFAULT', NULL, '1611048500000', '-1', '5', 'PAUSED', 'CRON', '1611048500000', '0', NULL, '2', NULL);
INSERT INTO "SYS_CONFIG"("CONFIG_ID", "CONFIG_NAME", "CONFIG_KEY", "CONFIG_VALUE", "CONFIG_TYPE", "CREATE_BY", "CREATE_TIME", "UPDATE_BY", "UPDATE_TIME", "REMARK") VALUES ('1', '主框架页-默认皮肤样式名称', 'sys.index.skinName', 'skin-blue', 'Y', 'admin', TO_DATE('2021-01-17 11:41:18', 'SYYYY-MM-DD HH24:MI:SS'), NULL, NULL, '蓝色 skin-blue、绿色 skin-green、紫色 skin-purple、红色 skin-red、黄色 skin-yellow');
INSERT INTO "SYS_CONFIG"("CONFIG_ID", "CONFIG_NAME", "CONFIG_KEY", "CONFIG_VALUE", "CONFIG_TYPE", "CREATE_BY", "CREATE_TIME", "UPDATE_BY", "UPDATE_TIME", "REMARK") VALUES ('2', '用户管理-账号初始密码', 'sys.user.initPassword', '123456', 'Y', 'admin', TO_DATE('2021-01-17 11:41:18', 'SYYYY-MM-DD HH24:MI:SS'), NULL, NULL, '初始化密码 123456');
INSERT INTO "SYS_CONFIG"("CONFIG_ID", "CONFIG_NAME", "CONFIG_KEY", "CONFIG_VALUE", "CONFIG_TYPE", "CREATE_BY", "CREATE_TIME", "UPDATE_BY", "UPDATE_TIME", "REMARK") VALUES ('3', '主框架页-侧边栏主题', 'sys.index.sideTheme', 'theme-dark', 'Y', 'admin', TO_DATE('2021-01-17 11:41:18', 'SYYYY-MM-DD HH24:MI:SS'), NULL, NULL, '深黑主题theme-dark，浅色主题theme-light，深蓝主题theme-blue');
INSERT INTO "SYS_CONFIG"("CONFIG_ID", "CONFIG_NAME", "CONFIG_KEY", "CONFIG_VALUE", "CONFIG_TYPE", "CREATE_BY", "CREATE_TIME", "UPDATE_BY", "UPDATE_TIME", "REMARK") VALUES ('4', '账号自助-是否开启用户注册功能', 'sys.account.registerUser', 'false', 'Y', 'admin', TO_DATE('2021-01-17 11:41:18', 'SYYYY-MM-DD HH24:MI:SS'), NULL, NULL, '是否开启注册用户功能（true开启，false关闭）');
INSERT INTO "SYS_CONFIG"("CONFIG_ID", "CONFIG_NAME", "CONFIG_KEY", "CONFIG_VALUE", "CONFIG_TYPE", "CREATE_BY", "CREATE_TIME", "UPDATE_BY", "UPDATE_TIME", "REMARK") VALUES ('5', '用户管理-密码字符范围', 'sys.account.chrtype', '0', 'Y', 'admin', TO_DATE('2021-01-17 11:41:18', 'SYYYY-MM-DD HH24:MI:SS'), NULL, NULL, '默认任意字符范围，0任意（密码可以输入任意字符），1数字（密码只能为0-9数字），2英文字母（密码只能为a-z和A-Z字母），3字母和数字（密码必须包含字母，数字）,4字母数字和特殊字符（目前支持的特殊字符包括：~!@#$%^&*()-=_+）');
INSERT INTO "SYS_CONFIG"("CONFIG_ID", "CONFIG_NAME", "CONFIG_KEY", "CONFIG_VALUE", "CONFIG_TYPE", "CREATE_BY", "CREATE_TIME", "UPDATE_BY", "UPDATE_TIME", "REMARK") VALUES ('6', '用户管理-初始密码修改策略', 'sys.account.initPasswordModify', '0', 'Y', 'admin', TO_DATE('2021-01-17 11:41:18', 'SYYYY-MM-DD HH24:MI:SS'), NULL, NULL, '0：初始密码修改策略关闭，没有任何提示，1：提醒用户，如果未修改初始密码，则在登录时就会提醒修改密码对话框');
INSERT INTO "SYS_CONFIG"("CONFIG_ID", "CONFIG_NAME", "CONFIG_KEY", "CONFIG_VALUE", "CONFIG_TYPE", "CREATE_BY", "CREATE_TIME", "UPDATE_BY", "UPDATE_TIME", "REMARK") VALUES ('7', '用户管理-账号密码更新周期', 'sys.account.passwordValidateDays', '0', 'Y', 'admin', TO_DATE('2021-01-17 11:41:18', 'SYYYY-MM-DD HH24:MI:SS'), NULL, NULL, '密码更新周期（填写数字，数据初始化值为0不限制，若修改必须为大于0小于365的正整数），如果超过这个周期登录系统时，则在登录时就会提醒修改密码对话框');
INSERT INTO "SYS_CONFIG"("CONFIG_ID", "CONFIG_NAME", "CONFIG_KEY", "CONFIG_VALUE", "CONFIG_TYPE", "CREATE_BY", "CREATE_TIME", "UPDATE_BY", "UPDATE_TIME", "REMARK") VALUES ('8', '主框架页-菜单导航显示风格', 'sys.index.menuStyle', 'default', 'Y', 'admin', TO_DATE('2021-01-17 11:41:18', 'SYYYY-MM-DD HH24:MI:SS'), NULL, NULL, '菜单导航显示风格（default为左侧导航菜单，topnav为顶部导航菜单）');
INSERT INTO "SYS_CONFIG"("CONFIG_ID", "CONFIG_NAME", "CONFIG_KEY", "CONFIG_VALUE", "CONFIG_TYPE", "CREATE_BY", "CREATE_TIME", "UPDATE_BY", "UPDATE_TIME", "REMARK") VALUES ('9', '主框架页-是否开启页脚', 'sys.index.ignoreFooter', 'true', 'Y', 'admin', TO_DATE('2021-01-17 11:41:18', 'SYYYY-MM-DD HH24:MI:SS'), NULL, NULL, '是否开启底部页脚显示（true显示，false隐藏）');
INSERT INTO "SYS_DEPT"("DEPT_ID", "PARENT_ID", "ANCESTORS", "DEPT_NAME", "ORDER_NUM", "LEADER", "PHONE", "EMAIL", "STATUS", "DEL_FLAG", "CREATE_BY", "CREATE_TIME", "UPDATE_BY", "UPDATE_TIME", "DEPT_TYPE", "DEPT_LEVEL") VALUES ('206', '101', '0,100,101', '测试', '1', '12', '1212122122', NULL, '0', '0', 'admin', TO_DATE('2021-01-17 21:25:57', 'SYYYY-MM-DD HH24:MI:SS'), 'admin', TO_DATE('2021-01-17 21:26:17', 'SYYYY-MM-DD HH24:MI:SS'), '1212', '12122');
INSERT INTO "SYS_DEPT"("DEPT_ID", "PARENT_ID", "ANCESTORS", "DEPT_NAME", "ORDER_NUM", "LEADER", "PHONE", "EMAIL", "STATUS", "DEL_FLAG", "CREATE_BY", "CREATE_TIME", "UPDATE_BY", "UPDATE_TIME", "DEPT_TYPE", "DEPT_LEVEL") VALUES ('100', '0', '0', '若依科技', '0', '若依', '15888888888', 'ry@qq.com', '0', '0', 'admin', TO_DATE('2021-01-17 11:41:13', 'SYYYY-MM-DD HH24:MI:SS'), 'admin', TO_DATE('2021-01-17 21:26:17', 'SYYYY-MM-DD HH24:MI:SS'), NULL, NULL);
INSERT INTO "SYS_DEPT"("DEPT_ID", "PARENT_ID", "ANCESTORS", "DEPT_NAME", "ORDER_NUM", "LEADER", "PHONE", "EMAIL", "STATUS", "DEL_FLAG", "CREATE_BY", "CREATE_TIME", "UPDATE_BY", "UPDATE_TIME", "DEPT_TYPE", "DEPT_LEVEL") VALUES ('101', '100', '0,100', '深圳总公司', '1', '若依', '15888888888', 'ry@qq.com', '0', '0', 'admin', TO_DATE('2021-01-17 11:41:13', 'SYYYY-MM-DD HH24:MI:SS'), 'admin', TO_DATE('2021-01-17 21:26:17', 'SYYYY-MM-DD HH24:MI:SS'), NULL, NULL);
INSERT INTO "SYS_DEPT"("DEPT_ID", "PARENT_ID", "ANCESTORS", "DEPT_NAME", "ORDER_NUM", "LEADER", "PHONE", "EMAIL", "STATUS", "DEL_FLAG", "CREATE_BY", "CREATE_TIME", "UPDATE_BY", "UPDATE_TIME", "DEPT_TYPE", "DEPT_LEVEL") VALUES ('102', '100', '0,100', '长沙分公司', '2', '若依', '15888888888', 'ry@qq.com', '0', '0', 'admin', TO_DATE('2021-01-17 11:41:13', 'SYYYY-MM-DD HH24:MI:SS'), NULL, NULL, NULL, NULL);
INSERT INTO "SYS_DEPT"("DEPT_ID", "PARENT_ID", "ANCESTORS", "DEPT_NAME", "ORDER_NUM", "LEADER", "PHONE", "EMAIL", "STATUS", "DEL_FLAG", "CREATE_BY", "CREATE_TIME", "UPDATE_BY", "UPDATE_TIME", "DEPT_TYPE", "DEPT_LEVEL") VALUES ('103', '101', '0,100,101', '研发部门', '1', '若依', '15888888888', 'ry@qq.com', '0', '0', 'admin', TO_DATE('2021-01-17 11:41:13', 'SYYYY-MM-DD HH24:MI:SS'), 'admin', TO_DATE('2021-01-17 21:25:40', 'SYYYY-MM-DD HH24:MI:SS'), '100', '12');
INSERT INTO "SYS_DEPT"("DEPT_ID", "PARENT_ID", "ANCESTORS", "DEPT_NAME", "ORDER_NUM", "LEADER", "PHONE", "EMAIL", "STATUS", "DEL_FLAG", "CREATE_BY", "CREATE_TIME", "UPDATE_BY", "UPDATE_TIME", "DEPT_TYPE", "DEPT_LEVEL") VALUES ('104', '101', '0,100,101', '市场部门', '2', '若依', '15888888888', 'ry@qq.com', '0', '0', 'admin', TO_DATE('2021-01-17 11:41:13', 'SYYYY-MM-DD HH24:MI:SS'), NULL, NULL, NULL, NULL);
INSERT INTO "SYS_DEPT"("DEPT_ID", "PARENT_ID", "ANCESTORS", "DEPT_NAME", "ORDER_NUM", "LEADER", "PHONE", "EMAIL", "STATUS", "DEL_FLAG", "CREATE_BY", "CREATE_TIME", "UPDATE_BY", "UPDATE_TIME", "DEPT_TYPE", "DEPT_LEVEL") VALUES ('105', '101', '0,100,101', '测试部门', '3', '若依', '15888888888', 'ry@qq.com', '0', '0', 'admin', TO_DATE('2021-01-17 11:41:13', 'SYYYY-MM-DD HH24:MI:SS'), NULL, NULL, NULL, NULL);
INSERT INTO "SYS_DEPT"("DEPT_ID", "PARENT_ID", "ANCESTORS", "DEPT_NAME", "ORDER_NUM", "LEADER", "PHONE", "EMAIL", "STATUS", "DEL_FLAG", "CREATE_BY", "CREATE_TIME", "UPDATE_BY", "UPDATE_TIME", "DEPT_TYPE", "DEPT_LEVEL") VALUES ('106', '101', '0,100,101', '财务部门', '4', '若依', '15888888888', 'ry@qq.com', '0', '0', 'admin', TO_DATE('2021-01-17 11:41:13', 'SYYYY-MM-DD HH24:MI:SS'), NULL, NULL, NULL, NULL);
INSERT INTO "SYS_DEPT"("DEPT_ID", "PARENT_ID", "ANCESTORS", "DEPT_NAME", "ORDER_NUM", "LEADER", "PHONE", "EMAIL", "STATUS", "DEL_FLAG", "CREATE_BY", "CREATE_TIME", "UPDATE_BY", "UPDATE_TIME", "DEPT_TYPE", "DEPT_LEVEL") VALUES ('107', '101', '0,100,101', '运维部门', '5', '若依', '15888888888', 'ry@qq.com', '0', '0', 'admin', TO_DATE('2021-01-17 11:41:13', 'SYYYY-MM-DD HH24:MI:SS'), NULL, NULL, NULL, NULL);
INSERT INTO "SYS_DEPT"("DEPT_ID", "PARENT_ID", "ANCESTORS", "DEPT_NAME", "ORDER_NUM", "LEADER", "PHONE", "EMAIL", "STATUS", "DEL_FLAG", "CREATE_BY", "CREATE_TIME", "UPDATE_BY", "UPDATE_TIME", "DEPT_TYPE", "DEPT_LEVEL") VALUES ('108', '102', '0,100,102', '市场部门', '1', '若依', '15888888888', 'ry@qq.com', '0', '0', 'admin', TO_DATE('2021-01-17 11:41:13', 'SYYYY-MM-DD HH24:MI:SS'), NULL, NULL, NULL, NULL);
INSERT INTO "SYS_DEPT"("DEPT_ID", "PARENT_ID", "ANCESTORS", "DEPT_NAME", "ORDER_NUM", "LEADER", "PHONE", "EMAIL", "STATUS", "DEL_FLAG", "CREATE_BY", "CREATE_TIME", "UPDATE_BY", "UPDATE_TIME", "DEPT_TYPE", "DEPT_LEVEL") VALUES ('109', '102', '0,100,102', '财务部门', '2', '若依', '15888888888', 'ry@qq.com', '0', '0', 'admin', TO_DATE('2021-01-17 11:41:13', 'SYYYY-MM-DD HH24:MI:SS'), NULL, NULL, NULL, NULL);
INSERT INTO "SYS_DICT_DATA"("DICT_CODE", "DICT_SORT", "DICT_LABEL", "DICT_VALUE", "DICT_TYPE", "CSS_CLASS", "LIST_CLASS", "IS_DEFAULT", "STATUS", "CREATE_BY", "CREATE_TIME", "UPDATE_BY", "UPDATE_TIME", "REMARK") VALUES ('100', '1', '启用', '0', 'sys_site_status', NULL, 'primary', 'Y', '0', 'admin', TO_DATE('2021-01-19 13:31:37', 'SYYYY-MM-DD HH24:MI:SS'), NULL, NULL, '站点开启状态');
INSERT INTO "SYS_DICT_DATA"("DICT_CODE", "DICT_SORT", "DICT_LABEL", "DICT_VALUE", "DICT_TYPE", "CSS_CLASS", "LIST_CLASS", "IS_DEFAULT", "STATUS", "CREATE_BY", "CREATE_TIME", "UPDATE_BY", "UPDATE_TIME", "REMARK") VALUES ('101', '2', '停用', '1', 'sys_site_status', NULL, 'danger', 'Y', '0', 'admin', TO_DATE('2021-01-19 13:33:05', 'SYYYY-MM-DD HH24:MI:SS'), NULL, NULL, '站点停用');
INSERT INTO "SYS_DICT_DATA"("DICT_CODE", "DICT_SORT", "DICT_LABEL", "DICT_VALUE", "DICT_TYPE", "CSS_CLASS", "LIST_CLASS", "IS_DEFAULT", "STATUS", "CREATE_BY", "CREATE_TIME", "UPDATE_BY", "UPDATE_TIME", "REMARK") VALUES ('104', '2', '搜索引擎', '搜索引擎', 'sys_site_type', NULL, NULL, 'Y', '0', 'admin', TO_DATE('2021-01-19 13:50:50', 'SYYYY-MM-DD HH24:MI:SS'), NULL, NULL, NULL);
INSERT INTO "SYS_DICT_DATA"("DICT_CODE", "DICT_SORT", "DICT_LABEL", "DICT_VALUE", "DICT_TYPE", "CSS_CLASS", "LIST_CLASS", "IS_DEFAULT", "STATUS", "CREATE_BY", "CREATE_TIME", "UPDATE_BY", "UPDATE_TIME", "REMARK") VALUES ('105', '1', '一类部门', '560001', 'sys_dept_type', NULL, NULL, 'Y', '0', 'admin', TO_DATE('2021-01-19 13:58:29', 'SYYYY-MM-DD HH24:MI:SS'), NULL, NULL, '560001-560007');
INSERT INTO "SYS_DICT_DATA"("DICT_CODE", "DICT_SORT", "DICT_LABEL", "DICT_VALUE", "DICT_TYPE", "CSS_CLASS", "LIST_CLASS", "IS_DEFAULT", "STATUS", "CREATE_BY", "CREATE_TIME", "UPDATE_BY", "UPDATE_TIME", "REMARK") VALUES ('110', '6', '六类部门', '560006', 'sys_dept_type', NULL, NULL, 'Y', '0', 'admin', TO_DATE('2021-01-19 13:59:49', 'SYYYY-MM-DD HH24:MI:SS'), NULL, NULL, NULL);
INSERT INTO "SYS_DICT_DATA"("DICT_CODE", "DICT_SORT", "DICT_LABEL", "DICT_VALUE", "DICT_TYPE", "CSS_CLASS", "LIST_CLASS", "IS_DEFAULT", "STATUS", "CREATE_BY", "CREATE_TIME", "UPDATE_BY", "UPDATE_TIME", "REMARK") VALUES ('111', '7', '七类部门', '560007', 'sys_dept_type', NULL, NULL, 'Y', '0', 'admin', TO_DATE('2021-01-19 14:00:13', 'SYYYY-MM-DD HH24:MI:SS'), NULL, NULL, NULL);
INSERT INTO "SYS_DICT_DATA"("DICT_CODE", "DICT_SORT", "DICT_LABEL", "DICT_VALUE", "DICT_TYPE", "CSS_CLASS", "LIST_CLASS", "IS_DEFAULT", "STATUS", "CREATE_BY", "CREATE_TIME", "UPDATE_BY", "UPDATE_TIME", "REMARK") VALUES ('112', '1', '一级部门', '60090001', 'sys_dept_level', NULL, NULL, 'Y', '0', 'admin', TO_DATE('2021-01-19 14:05:09', 'SYYYY-MM-DD HH24:MI:SS'), NULL, NULL, NULL);
INSERT INTO "SYS_DICT_DATA"("DICT_CODE", "DICT_SORT", "DICT_LABEL", "DICT_VALUE", "DICT_TYPE", "CSS_CLASS", "LIST_CLASS", "IS_DEFAULT", "STATUS", "CREATE_BY", "CREATE_TIME", "UPDATE_BY", "UPDATE_TIME", "REMARK") VALUES ('113', '2', '二级部门', '60090002', 'sys_dept_level', NULL, NULL, 'Y', '0', 'admin', TO_DATE('2021-01-19 14:05:20', 'SYYYY-MM-DD HH24:MI:SS'), NULL, NULL, NULL);
INSERT INTO "SYS_DICT_DATA"("DICT_CODE", "DICT_SORT", "DICT_LABEL", "DICT_VALUE", "DICT_TYPE", "CSS_CLASS", "LIST_CLASS", "IS_DEFAULT", "STATUS", "CREATE_BY", "CREATE_TIME", "UPDATE_BY", "UPDATE_TIME", "REMARK") VALUES ('117', '1', '一级角色', '70001', 'sys_role_type', NULL, NULL, 'Y', '0', 'admin', TO_DATE('2021-01-19 14:09:28', 'SYYYY-MM-DD HH24:MI:SS'), NULL, NULL, '70001');
INSERT INTO "SYS_DICT_DATA"("DICT_CODE", "DICT_SORT", "DICT_LABEL", "DICT_VALUE", "DICT_TYPE", "CSS_CLASS", "LIST_CLASS", "IS_DEFAULT", "STATUS", "CREATE_BY", "CREATE_TIME", "UPDATE_BY", "UPDATE_TIME", "REMARK") VALUES ('115', '3', '三级部门', '60090003', 'sys_dept_level', NULL, NULL, 'Y', '0', 'admin', TO_DATE('2021-01-19 14:05:54', 'SYYYY-MM-DD HH24:MI:SS'), NULL, NULL, '60090003');
INSERT INTO "SYS_DICT_DATA"("DICT_CODE", "DICT_SORT", "DICT_LABEL", "DICT_VALUE", "DICT_TYPE", "CSS_CLASS", "LIST_CLASS", "IS_DEFAULT", "STATUS", "CREATE_BY", "CREATE_TIME", "UPDATE_BY", "UPDATE_TIME", "REMARK") VALUES ('116', '4', '四级部门', '60090004', 'sys_dept_level', NULL, NULL, 'Y', '0', 'admin', TO_DATE('2021-01-19 14:06:07', 'SYYYY-MM-DD HH24:MI:SS'), NULL, NULL, '60090004');
INSERT INTO "SYS_DICT_DATA"("DICT_CODE", "DICT_SORT", "DICT_LABEL", "DICT_VALUE", "DICT_TYPE", "CSS_CLASS", "LIST_CLASS", "IS_DEFAULT", "STATUS", "CREATE_BY", "CREATE_TIME", "UPDATE_BY", "UPDATE_TIME", "REMARK") VALUES ('118', '2', '二级角色', '70002', 'sys_role_type', NULL, NULL, 'Y', '0', 'admin', TO_DATE('2021-01-19 14:09:40', 'SYYYY-MM-DD HH24:MI:SS'), NULL, NULL, '70002');
INSERT INTO "SYS_DICT_DATA"("DICT_CODE", "DICT_SORT", "DICT_LABEL", "DICT_VALUE", "DICT_TYPE", "CSS_CLASS", "LIST_CLASS", "IS_DEFAULT", "STATUS", "CREATE_BY", "CREATE_TIME", "UPDATE_BY", "UPDATE_TIME", "REMARK") VALUES ('119', '3', '三级角色', '70003', 'sys_role_type', NULL, NULL, 'Y', '0', 'admin', TO_DATE('2021-01-19 14:09:50', 'SYYYY-MM-DD HH24:MI:SS'), NULL, NULL, '70003');
INSERT INTO "SYS_DICT_DATA"("DICT_CODE", "DICT_SORT", "DICT_LABEL", "DICT_VALUE", "DICT_TYPE", "CSS_CLASS", "LIST_CLASS", "IS_DEFAULT", "STATUS", "CREATE_BY", "CREATE_TIME", "UPDATE_BY", "UPDATE_TIME", "REMARK") VALUES ('120', '4', '四级角色', '70004', 'sys_role_type', NULL, NULL, 'Y', '0', 'admin', TO_DATE('2021-01-19 14:10:07', 'SYYYY-MM-DD HH24:MI:SS'), NULL, NULL, '70004');
INSERT INTO "SYS_DICT_DATA"("DICT_CODE", "DICT_SORT", "DICT_LABEL", "DICT_VALUE", "DICT_TYPE", "CSS_CLASS", "LIST_CLASS", "IS_DEFAULT", "STATUS", "CREATE_BY", "CREATE_TIME", "UPDATE_BY", "UPDATE_TIME", "REMARK") VALUES ('1', '1', '男', '0', 'sys_user_sex', NULL, NULL, 'Y', '0', 'admin', TO_DATE('2021-01-17 11:41:17', 'SYYYY-MM-DD HH24:MI:SS'), NULL, NULL, '性别男');
INSERT INTO "SYS_DICT_DATA"("DICT_CODE", "DICT_SORT", "DICT_LABEL", "DICT_VALUE", "DICT_TYPE", "CSS_CLASS", "LIST_CLASS", "IS_DEFAULT", "STATUS", "CREATE_BY", "CREATE_TIME", "UPDATE_BY", "UPDATE_TIME", "REMARK") VALUES ('2', '2', '女', '1', 'sys_user_sex', NULL, NULL, 'N', '0', 'admin', TO_DATE('2021-01-17 11:41:17', 'SYYYY-MM-DD HH24:MI:SS'), NULL, NULL, '性别女');
INSERT INTO "SYS_DICT_DATA"("DICT_CODE", "DICT_SORT", "DICT_LABEL", "DICT_VALUE", "DICT_TYPE", "CSS_CLASS", "LIST_CLASS", "IS_DEFAULT", "STATUS", "CREATE_BY", "CREATE_TIME", "UPDATE_BY", "UPDATE_TIME", "REMARK") VALUES ('3', '3', '未知', '2', 'sys_user_sex', NULL, NULL, 'N', '0', 'admin', TO_DATE('2021-01-17 11:41:17', 'SYYYY-MM-DD HH24:MI:SS'), NULL, NULL, '性别未知');
INSERT INTO "SYS_DICT_DATA"("DICT_CODE", "DICT_SORT", "DICT_LABEL", "DICT_VALUE", "DICT_TYPE", "CSS_CLASS", "LIST_CLASS", "IS_DEFAULT", "STATUS", "CREATE_BY", "CREATE_TIME", "UPDATE_BY", "UPDATE_TIME", "REMARK") VALUES ('4', '1', '显示', '0', 'sys_show_hide', NULL, 'primary', 'Y', '0', 'admin', TO_DATE('2021-01-17 11:41:17', 'SYYYY-MM-DD HH24:MI:SS'), NULL, NULL, '显示菜单');
INSERT INTO "SYS_DICT_DATA"("DICT_CODE", "DICT_SORT", "DICT_LABEL", "DICT_VALUE", "DICT_TYPE", "CSS_CLASS", "LIST_CLASS", "IS_DEFAULT", "STATUS", "CREATE_BY", "CREATE_TIME", "UPDATE_BY", "UPDATE_TIME", "REMARK") VALUES ('5', '2', '隐藏', '1', 'sys_show_hide', NULL, 'danger', 'N', '0', 'admin', TO_DATE('2021-01-17 11:41:17', 'SYYYY-MM-DD HH24:MI:SS'), NULL, NULL, '隐藏菜单');
INSERT INTO "SYS_DICT_DATA"("DICT_CODE", "DICT_SORT", "DICT_LABEL", "DICT_VALUE", "DICT_TYPE", "CSS_CLASS", "LIST_CLASS", "IS_DEFAULT", "STATUS", "CREATE_BY", "CREATE_TIME", "UPDATE_BY", "UPDATE_TIME", "REMARK") VALUES ('6', '1', '正常', '0', 'sys_normal_disable', NULL, 'primary', 'Y', '0', 'admin', TO_DATE('2021-01-17 11:41:17', 'SYYYY-MM-DD HH24:MI:SS'), NULL, NULL, '正常状态');
INSERT INTO "SYS_DICT_DATA"("DICT_CODE", "DICT_SORT", "DICT_LABEL", "DICT_VALUE", "DICT_TYPE", "CSS_CLASS", "LIST_CLASS", "IS_DEFAULT", "STATUS", "CREATE_BY", "CREATE_TIME", "UPDATE_BY", "UPDATE_TIME", "REMARK") VALUES ('7', '2', '停用', '1', 'sys_normal_disable', NULL, 'danger', 'N', '0', 'admin', TO_DATE('2021-01-17 11:41:17', 'SYYYY-MM-DD HH24:MI:SS'), NULL, NULL, '停用状态');
INSERT INTO "SYS_DICT_DATA"("DICT_CODE", "DICT_SORT", "DICT_LABEL", "DICT_VALUE", "DICT_TYPE", "CSS_CLASS", "LIST_CLASS", "IS_DEFAULT", "STATUS", "CREATE_BY", "CREATE_TIME", "UPDATE_BY", "UPDATE_TIME", "REMARK") VALUES ('8', '1', '正常', '0', 'sys_job_status', NULL, 'primary', 'Y', '0', 'admin', TO_DATE('2021-01-17 11:41:17', 'SYYYY-MM-DD HH24:MI:SS'), NULL, NULL, '正常状态');
INSERT INTO "SYS_DICT_DATA"("DICT_CODE", "DICT_SORT", "DICT_LABEL", "DICT_VALUE", "DICT_TYPE", "CSS_CLASS", "LIST_CLASS", "IS_DEFAULT", "STATUS", "CREATE_BY", "CREATE_TIME", "UPDATE_BY", "UPDATE_TIME", "REMARK") VALUES ('9', '2', '暂停', '1', 'sys_job_status', NULL, 'danger', 'N', '0', 'admin', TO_DATE('2021-01-17 11:41:17', 'SYYYY-MM-DD HH24:MI:SS'), NULL, NULL, '停用状态');
INSERT INTO "SYS_DICT_DATA"("DICT_CODE", "DICT_SORT", "DICT_LABEL", "DICT_VALUE", "DICT_TYPE", "CSS_CLASS", "LIST_CLASS", "IS_DEFAULT", "STATUS", "CREATE_BY", "CREATE_TIME", "UPDATE_BY", "UPDATE_TIME", "REMARK") VALUES ('10', '1', '默认', 'DEFAULT', 'sys_job_group', NULL, NULL, 'Y', '0', 'admin', TO_DATE('2021-01-17 11:41:17', 'SYYYY-MM-DD HH24:MI:SS'), NULL, NULL, '默认分组');
INSERT INTO "SYS_DICT_DATA"("DICT_CODE", "DICT_SORT", "DICT_LABEL", "DICT_VALUE", "DICT_TYPE", "CSS_CLASS", "LIST_CLASS", "IS_DEFAULT", "STATUS", "CREATE_BY", "CREATE_TIME", "UPDATE_BY", "UPDATE_TIME", "REMARK") VALUES ('11', '2', '系统', 'SYSTEM', 'sys_job_group', NULL, NULL, 'N', '0', 'admin', TO_DATE('2021-01-17 11:41:18', 'SYYYY-MM-DD HH24:MI:SS'), NULL, NULL, '系统分组');
INSERT INTO "SYS_DICT_DATA"("DICT_CODE", "DICT_SORT", "DICT_LABEL", "DICT_VALUE", "DICT_TYPE", "CSS_CLASS", "LIST_CLASS", "IS_DEFAULT", "STATUS", "CREATE_BY", "CREATE_TIME", "UPDATE_BY", "UPDATE_TIME", "REMARK") VALUES ('12', '1', '是', 'Y', 'sys_yes_no', NULL, 'primary', 'Y', '0', 'admin', TO_DATE('2021-01-17 11:41:18', 'SYYYY-MM-DD HH24:MI:SS'), NULL, NULL, '系统默认是');
INSERT INTO "SYS_DICT_DATA"("DICT_CODE", "DICT_SORT", "DICT_LABEL", "DICT_VALUE", "DICT_TYPE", "CSS_CLASS", "LIST_CLASS", "IS_DEFAULT", "STATUS", "CREATE_BY", "CREATE_TIME", "UPDATE_BY", "UPDATE_TIME", "REMARK") VALUES ('13', '2', '否', 'N', 'sys_yes_no', NULL, 'danger', 'N', '0', 'admin', TO_DATE('2021-01-17 11:41:18', 'SYYYY-MM-DD HH24:MI:SS'), NULL, NULL, '系统默认否');
INSERT INTO "SYS_DICT_DATA"("DICT_CODE", "DICT_SORT", "DICT_LABEL", "DICT_VALUE", "DICT_TYPE", "CSS_CLASS", "LIST_CLASS", "IS_DEFAULT", "STATUS", "CREATE_BY", "CREATE_TIME", "UPDATE_BY", "UPDATE_TIME", "REMARK") VALUES ('14', '1', '通知', '1', 'sys_notice_type', NULL, 'warning', 'Y', '0', 'admin', TO_DATE('2021-01-17 11:41:18', 'SYYYY-MM-DD HH24:MI:SS'), NULL, NULL, '通知');
INSERT INTO "SYS_DICT_DATA"("DICT_CODE", "DICT_SORT", "DICT_LABEL", "DICT_VALUE", "DICT_TYPE", "CSS_CLASS", "LIST_CLASS", "IS_DEFAULT", "STATUS", "CREATE_BY", "CREATE_TIME", "UPDATE_BY", "UPDATE_TIME", "REMARK") VALUES ('15', '2', '公告', '2', 'sys_notice_type', NULL, 'success', 'N', '0', 'admin', TO_DATE('2021-01-17 11:41:18', 'SYYYY-MM-DD HH24:MI:SS'), NULL, NULL, '公告');
INSERT INTO "SYS_DICT_DATA"("DICT_CODE", "DICT_SORT", "DICT_LABEL", "DICT_VALUE", "DICT_TYPE", "CSS_CLASS", "LIST_CLASS", "IS_DEFAULT", "STATUS", "CREATE_BY", "CREATE_TIME", "UPDATE_BY", "UPDATE_TIME", "REMARK") VALUES ('16', '1', '正常', '0', 'sys_notice_status', NULL, 'primary', 'Y', '0', 'admin', TO_DATE('2021-01-17 11:41:18', 'SYYYY-MM-DD HH24:MI:SS'), NULL, NULL, '正常状态');
INSERT INTO "SYS_DICT_DATA"("DICT_CODE", "DICT_SORT", "DICT_LABEL", "DICT_VALUE", "DICT_TYPE", "CSS_CLASS", "LIST_CLASS", "IS_DEFAULT", "STATUS", "CREATE_BY", "CREATE_TIME", "UPDATE_BY", "UPDATE_TIME", "REMARK") VALUES ('17', '2', '关闭', '1', 'sys_notice_status', NULL, 'danger', 'N', '0', 'admin', TO_DATE('2021-01-17 11:41:18', 'SYYYY-MM-DD HH24:MI:SS'), NULL, NULL, '关闭状态');
INSERT INTO "SYS_DICT_DATA"("DICT_CODE", "DICT_SORT", "DICT_LABEL", "DICT_VALUE", "DICT_TYPE", "CSS_CLASS", "LIST_CLASS", "IS_DEFAULT", "STATUS", "CREATE_BY", "CREATE_TIME", "UPDATE_BY", "UPDATE_TIME", "REMARK") VALUES ('18', '99', '其他', '0', 'sys_oper_type', NULL, 'info', 'N', '0', 'admin', TO_DATE('2021-01-17 11:41:18', 'SYYYY-MM-DD HH24:MI:SS'), NULL, NULL, '其他操作');
INSERT INTO "SYS_DICT_DATA"("DICT_CODE", "DICT_SORT", "DICT_LABEL", "DICT_VALUE", "DICT_TYPE", "CSS_CLASS", "LIST_CLASS", "IS_DEFAULT", "STATUS", "CREATE_BY", "CREATE_TIME", "UPDATE_BY", "UPDATE_TIME", "REMARK") VALUES ('19', '1', '新增', '1', 'sys_oper_type', NULL, 'info', 'N', '0', 'admin', TO_DATE('2021-01-17 11:41:18', 'SYYYY-MM-DD HH24:MI:SS'), NULL, NULL, '新增操作');
INSERT INTO "SYS_DICT_DATA"("DICT_CODE", "DICT_SORT", "DICT_LABEL", "DICT_VALUE", "DICT_TYPE", "CSS_CLASS", "LIST_CLASS", "IS_DEFAULT", "STATUS", "CREATE_BY", "CREATE_TIME", "UPDATE_BY", "UPDATE_TIME", "REMARK") VALUES ('20', '2', '修改', '2', 'sys_oper_type', NULL, 'info', 'N', '0', 'admin', TO_DATE('2021-01-17 11:41:18', 'SYYYY-MM-DD HH24:MI:SS'), NULL, NULL, '修改操作');
INSERT INTO "SYS_DICT_DATA"("DICT_CODE", "DICT_SORT", "DICT_LABEL", "DICT_VALUE", "DICT_TYPE", "CSS_CLASS", "LIST_CLASS", "IS_DEFAULT", "STATUS", "CREATE_BY", "CREATE_TIME", "UPDATE_BY", "UPDATE_TIME", "REMARK") VALUES ('21', '3', '删除', '3', 'sys_oper_type', NULL, 'danger', 'N', '0', 'admin', TO_DATE('2021-01-17 11:41:18', 'SYYYY-MM-DD HH24:MI:SS'), NULL, NULL, '删除操作');
INSERT INTO "SYS_DICT_DATA"("DICT_CODE", "DICT_SORT", "DICT_LABEL", "DICT_VALUE", "DICT_TYPE", "CSS_CLASS", "LIST_CLASS", "IS_DEFAULT", "STATUS", "CREATE_BY", "CREATE_TIME", "UPDATE_BY", "UPDATE_TIME", "REMARK") VALUES ('22', '4', '授权', '4', 'sys_oper_type', NULL, 'primary', 'N', '0', 'admin', TO_DATE('2021-01-17 11:41:18', 'SYYYY-MM-DD HH24:MI:SS'), NULL, NULL, '授权操作');
INSERT INTO "SYS_DICT_DATA"("DICT_CODE", "DICT_SORT", "DICT_LABEL", "DICT_VALUE", "DICT_TYPE", "CSS_CLASS", "LIST_CLASS", "IS_DEFAULT", "STATUS", "CREATE_BY", "CREATE_TIME", "UPDATE_BY", "UPDATE_TIME", "REMARK") VALUES ('23', '5', '导出', '5', 'sys_oper_type', NULL, 'warning', 'N', '0', 'admin', TO_DATE('2021-01-17 11:41:18', 'SYYYY-MM-DD HH24:MI:SS'), NULL, NULL, '导出操作');
INSERT INTO "SYS_DICT_DATA"("DICT_CODE", "DICT_SORT", "DICT_LABEL", "DICT_VALUE", "DICT_TYPE", "CSS_CLASS", "LIST_CLASS", "IS_DEFAULT", "STATUS", "CREATE_BY", "CREATE_TIME", "UPDATE_BY", "UPDATE_TIME", "REMARK") VALUES ('24', '6', '导入', '6', 'sys_oper_type', NULL, 'warning', 'N', '0', 'admin', TO_DATE('2021-01-17 11:41:18', 'SYYYY-MM-DD HH24:MI:SS'), NULL, NULL, '导入操作');
INSERT INTO "SYS_DICT_DATA"("DICT_CODE", "DICT_SORT", "DICT_LABEL", "DICT_VALUE", "DICT_TYPE", "CSS_CLASS", "LIST_CLASS", "IS_DEFAULT", "STATUS", "CREATE_BY", "CREATE_TIME", "UPDATE_BY", "UPDATE_TIME", "REMARK") VALUES ('25', '7', '强退', '7', 'sys_oper_type', NULL, 'danger', 'N', '0', 'admin', TO_DATE('2021-01-17 11:41:18', 'SYYYY-MM-DD HH24:MI:SS'), NULL, NULL, '强退操作');
INSERT INTO "SYS_DICT_DATA"("DICT_CODE", "DICT_SORT", "DICT_LABEL", "DICT_VALUE", "DICT_TYPE", "CSS_CLASS", "LIST_CLASS", "IS_DEFAULT", "STATUS", "CREATE_BY", "CREATE_TIME", "UPDATE_BY", "UPDATE_TIME", "REMARK") VALUES ('26', '8', '生成代码', '8', 'sys_oper_type', NULL, 'warning', 'N', '0', 'admin', TO_DATE('2021-01-17 11:41:18', 'SYYYY-MM-DD HH24:MI:SS'), NULL, NULL, '生成操作');
INSERT INTO "SYS_DICT_DATA"("DICT_CODE", "DICT_SORT", "DICT_LABEL", "DICT_VALUE", "DICT_TYPE", "CSS_CLASS", "LIST_CLASS", "IS_DEFAULT", "STATUS", "CREATE_BY", "CREATE_TIME", "UPDATE_BY", "UPDATE_TIME", "REMARK") VALUES ('27', '9', '清空数据', '9', 'sys_oper_type', NULL, 'danger', 'N', '0', 'admin', TO_DATE('2021-01-17 11:41:18', 'SYYYY-MM-DD HH24:MI:SS'), NULL, NULL, '清空操作');
INSERT INTO "SYS_DICT_DATA"("DICT_CODE", "DICT_SORT", "DICT_LABEL", "DICT_VALUE", "DICT_TYPE", "CSS_CLASS", "LIST_CLASS", "IS_DEFAULT", "STATUS", "CREATE_BY", "CREATE_TIME", "UPDATE_BY", "UPDATE_TIME", "REMARK") VALUES ('28', '1', '成功', '0', 'sys_common_status', NULL, 'primary', 'N', '0', 'admin', TO_DATE('2021-01-17 11:41:18', 'SYYYY-MM-DD HH24:MI:SS'), NULL, NULL, '正常状态');
INSERT INTO "SYS_DICT_DATA"("DICT_CODE", "DICT_SORT", "DICT_LABEL", "DICT_VALUE", "DICT_TYPE", "CSS_CLASS", "LIST_CLASS", "IS_DEFAULT", "STATUS", "CREATE_BY", "CREATE_TIME", "UPDATE_BY", "UPDATE_TIME", "REMARK") VALUES ('29', '2', '失败', '1', 'sys_common_status', NULL, 'danger', 'N', '0', 'admin', TO_DATE('2021-01-17 11:41:18', 'SYYYY-MM-DD HH24:MI:SS'), NULL, NULL, '停用状态');
INSERT INTO "SYS_DICT_DATA"("DICT_CODE", "DICT_SORT", "DICT_LABEL", "DICT_VALUE", "DICT_TYPE", "CSS_CLASS", "LIST_CLASS", "IS_DEFAULT", "STATUS", "CREATE_BY", "CREATE_TIME", "UPDATE_BY", "UPDATE_TIME", "REMARK") VALUES ('103', '1', '电商', '电商', 'sys_site_type', NULL, 'info', 'Y', '0', 'admin', TO_DATE('2021-01-19 13:50:01', 'SYYYY-MM-DD HH24:MI:SS'), NULL, NULL, '电子商务网站');
INSERT INTO "SYS_DICT_DATA"("DICT_CODE", "DICT_SORT", "DICT_LABEL", "DICT_VALUE", "DICT_TYPE", "CSS_CLASS", "LIST_CLASS", "IS_DEFAULT", "STATUS", "CREATE_BY", "CREATE_TIME", "UPDATE_BY", "UPDATE_TIME", "REMARK") VALUES ('106', '2', '二类部门', '560002', 'sys_dept_type', NULL, NULL, 'Y', '0', 'admin', TO_DATE('2021-01-19 13:58:45', 'SYYYY-MM-DD HH24:MI:SS'), NULL, NULL, '560002');
INSERT INTO "SYS_DICT_DATA"("DICT_CODE", "DICT_SORT", "DICT_LABEL", "DICT_VALUE", "DICT_TYPE", "CSS_CLASS", "LIST_CLASS", "IS_DEFAULT", "STATUS", "CREATE_BY", "CREATE_TIME", "UPDATE_BY", "UPDATE_TIME", "REMARK") VALUES ('107', '3', '三类部门', '560003', 'sys_dept_type', NULL, NULL, 'Y', '0', 'admin', TO_DATE('2021-01-19 13:58:58', 'SYYYY-MM-DD HH24:MI:SS'), NULL, NULL, '5600023');
INSERT INTO "SYS_DICT_DATA"("DICT_CODE", "DICT_SORT", "DICT_LABEL", "DICT_VALUE", "DICT_TYPE", "CSS_CLASS", "LIST_CLASS", "IS_DEFAULT", "STATUS", "CREATE_BY", "CREATE_TIME", "UPDATE_BY", "UPDATE_TIME", "REMARK") VALUES ('108', '4', '四类部门', '560004', 'sys_dept_type', NULL, NULL, 'Y', '0', 'admin', TO_DATE('2021-01-19 13:59:16', 'SYYYY-MM-DD HH24:MI:SS'), NULL, NULL, '560004');
INSERT INTO "SYS_DICT_DATA"("DICT_CODE", "DICT_SORT", "DICT_LABEL", "DICT_VALUE", "DICT_TYPE", "CSS_CLASS", "LIST_CLASS", "IS_DEFAULT", "STATUS", "CREATE_BY", "CREATE_TIME", "UPDATE_BY", "UPDATE_TIME", "REMARK") VALUES ('109', '5', '五类部门', '560005', 'sys_dept_type', NULL, NULL, 'Y', '0', 'admin', TO_DATE('2021-01-19 13:59:35', 'SYYYY-MM-DD HH24:MI:SS'), NULL, NULL, NULL);
INSERT INTO "SYS_DICT_TYPE"("DICT_ID", "DICT_NAME", "DICT_TYPE", "STATUS", "CREATE_BY", "CREATE_TIME", "UPDATE_BY", "UPDATE_TIME", "REMARK") VALUES ('100', '站点状态', 'sys_site_status', '0', 'admin', TO_DATE('2021-01-19 13:28:41', 'SYYYY-MM-DD HH24:MI:SS'), NULL, NULL, '站点启用或关闭');
INSERT INTO "SYS_DICT_TYPE"("DICT_ID", "DICT_NAME", "DICT_TYPE", "STATUS", "CREATE_BY", "CREATE_TIME", "UPDATE_BY", "UPDATE_TIME", "REMARK") VALUES ('101', '站点类型', 'sys_site_type', '0', 'admin', TO_DATE('2021-01-19 13:43:51', 'SYYYY-MM-DD HH24:MI:SS'), NULL, NULL, '站点所属类型');
INSERT INTO "SYS_DICT_TYPE"("DICT_ID", "DICT_NAME", "DICT_TYPE", "STATUS", "CREATE_BY", "CREATE_TIME", "UPDATE_BY", "UPDATE_TIME", "REMARK") VALUES ('102', '部门类型', 'sys_dept_type', '0', 'admin', TO_DATE('2021-01-19 13:57:30', 'SYYYY-MM-DD HH24:MI:SS'), NULL, NULL, '部门类型');
INSERT INTO "SYS_DICT_TYPE"("DICT_ID", "DICT_NAME", "DICT_TYPE", "STATUS", "CREATE_BY", "CREATE_TIME", "UPDATE_BY", "UPDATE_TIME", "REMARK") VALUES ('103', '部门等级', 'sys_dept_level', '0', 'admin', TO_DATE('2021-01-19 14:04:25', 'SYYYY-MM-DD HH24:MI:SS'), NULL, NULL, '部门等级');
INSERT INTO "SYS_DICT_TYPE"("DICT_ID", "DICT_NAME", "DICT_TYPE", "STATUS", "CREATE_BY", "CREATE_TIME", "UPDATE_BY", "UPDATE_TIME", "REMARK") VALUES ('104', '角色类型', 'sys_role_type', '0', 'admin', TO_DATE('2021-01-19 14:08:56', 'SYYYY-MM-DD HH24:MI:SS'), NULL, NULL, NULL);
INSERT INTO "SYS_DICT_TYPE"("DICT_ID", "DICT_NAME", "DICT_TYPE", "STATUS", "CREATE_BY", "CREATE_TIME", "UPDATE_BY", "UPDATE_TIME", "REMARK") VALUES ('1', '用户性别', 'sys_user_sex', '0', 'admin', TO_DATE('2021-01-17 11:41:17', 'SYYYY-MM-DD HH24:MI:SS'), NULL, NULL, '用户性别列表');
INSERT INTO "SYS_DICT_TYPE"("DICT_ID", "DICT_NAME", "DICT_TYPE", "STATUS", "CREATE_BY", "CREATE_TIME", "UPDATE_BY", "UPDATE_TIME", "REMARK") VALUES ('2', '菜单状态', 'sys_show_hide', '0', 'admin', TO_DATE('2021-01-17 11:41:17', 'SYYYY-MM-DD HH24:MI:SS'), NULL, NULL, '菜单状态列表');
INSERT INTO "SYS_DICT_TYPE"("DICT_ID", "DICT_NAME", "DICT_TYPE", "STATUS", "CREATE_BY", "CREATE_TIME", "UPDATE_BY", "UPDATE_TIME", "REMARK") VALUES ('3', '系统开关', 'sys_normal_disable', '0', 'admin', TO_DATE('2021-01-17 11:41:17', 'SYYYY-MM-DD HH24:MI:SS'), NULL, NULL, '系统开关列表');
INSERT INTO "SYS_DICT_TYPE"("DICT_ID", "DICT_NAME", "DICT_TYPE", "STATUS", "CREATE_BY", "CREATE_TIME", "UPDATE_BY", "UPDATE_TIME", "REMARK") VALUES ('4', '任务状态', 'sys_job_status', '0', 'admin', TO_DATE('2021-01-17 11:41:17', 'SYYYY-MM-DD HH24:MI:SS'), NULL, NULL, '任务状态列表');
INSERT INTO "SYS_DICT_TYPE"("DICT_ID", "DICT_NAME", "DICT_TYPE", "STATUS", "CREATE_BY", "CREATE_TIME", "UPDATE_BY", "UPDATE_TIME", "REMARK") VALUES ('5', '任务分组', 'sys_job_group', '0', 'admin', TO_DATE('2021-01-17 11:41:17', 'SYYYY-MM-DD HH24:MI:SS'), NULL, NULL, '任务分组列表');
INSERT INTO "SYS_DICT_TYPE"("DICT_ID", "DICT_NAME", "DICT_TYPE", "STATUS", "CREATE_BY", "CREATE_TIME", "UPDATE_BY", "UPDATE_TIME", "REMARK") VALUES ('6', '系统是否', 'sys_yes_no', '0', 'admin', TO_DATE('2021-01-17 11:41:17', 'SYYYY-MM-DD HH24:MI:SS'), NULL, NULL, '系统是否列表');
INSERT INTO "SYS_DICT_TYPE"("DICT_ID", "DICT_NAME", "DICT_TYPE", "STATUS", "CREATE_BY", "CREATE_TIME", "UPDATE_BY", "UPDATE_TIME", "REMARK") VALUES ('7', '通知类型', 'sys_notice_type', '0', 'admin', TO_DATE('2021-01-17 11:41:17', 'SYYYY-MM-DD HH24:MI:SS'), NULL, NULL, '通知类型列表');
INSERT INTO "SYS_DICT_TYPE"("DICT_ID", "DICT_NAME", "DICT_TYPE", "STATUS", "CREATE_BY", "CREATE_TIME", "UPDATE_BY", "UPDATE_TIME", "REMARK") VALUES ('8', '通知状态', 'sys_notice_status', '0', 'admin', TO_DATE('2021-01-17 11:41:17', 'SYYYY-MM-DD HH24:MI:SS'), NULL, NULL, '通知状态列表');
INSERT INTO "SYS_DICT_TYPE"("DICT_ID", "DICT_NAME", "DICT_TYPE", "STATUS", "CREATE_BY", "CREATE_TIME", "UPDATE_BY", "UPDATE_TIME", "REMARK") VALUES ('9', '操作类型', 'sys_oper_type', '0', 'admin', TO_DATE('2021-01-17 11:41:17', 'SYYYY-MM-DD HH24:MI:SS'), NULL, NULL, '操作类型列表');
INSERT INTO "SYS_DICT_TYPE"("DICT_ID", "DICT_NAME", "DICT_TYPE", "STATUS", "CREATE_BY", "CREATE_TIME", "UPDATE_BY", "UPDATE_TIME", "REMARK") VALUES ('10', '系统状态', 'sys_common_status', '0', 'admin', TO_DATE('2021-01-17 11:41:17', 'SYYYY-MM-DD HH24:MI:SS'), NULL, NULL, '登录状态列表');
INSERT INTO "SYS_JOB"("JOB_ID", "JOB_NAME", "JOB_GROUP", "INVOKE_TARGET", "CRON_EXPRESSION", "MISFIRE_POLICY", "CONCURRENT", "STATUS", "CREATE_BY", "CREATE_TIME", "UPDATE_BY", "UPDATE_TIME", "REMARK") VALUES ('1', '系统默认（无参）', 'DEFAULT', 'ryTask.ryNoParams', '0/10 * * * * ?', '3', '1', '1', 'admin', TO_DATE('2021-01-17 11:41:19', 'SYYYY-MM-DD HH24:MI:SS'), NULL, NULL, NULL);
INSERT INTO "SYS_JOB"("JOB_ID", "JOB_NAME", "JOB_GROUP", "INVOKE_TARGET", "CRON_EXPRESSION", "MISFIRE_POLICY", "CONCURRENT", "STATUS", "CREATE_BY", "CREATE_TIME", "UPDATE_BY", "UPDATE_TIME", "REMARK") VALUES ('2', '系统默认（有参）', 'DEFAULT', 'ryTask.ryParams(''ry'')', '0/15 * * * * ?', '3', '1', '1', 'admin', TO_DATE('2021-01-17 11:41:19', 'SYYYY-MM-DD HH24:MI:SS'), NULL, NULL, NULL);
INSERT INTO "SYS_JOB"("JOB_ID", "JOB_NAME", "JOB_GROUP", "INVOKE_TARGET", "CRON_EXPRESSION", "MISFIRE_POLICY", "CONCURRENT", "STATUS", "CREATE_BY", "CREATE_TIME", "UPDATE_BY", "UPDATE_TIME", "REMARK") VALUES ('3', '系统默认（多参）', 'DEFAULT', 'ryTask.ryMultipleParams(''ry'', true, 2000L, 316.50D, 100)', '0/20 * * * * ?', '3', '1', '1', 'admin', TO_DATE('2021-01-17 11:41:19', 'SYYYY-MM-DD HH24:MI:SS'), NULL, NULL, NULL);
INSERT INTO "SYS_MENU"("MENU_ID", "MENU_NAME", "PARENT_ID", "ORDER_NUM", "URL", "TARGET", "MENU_TYPE", "VISIBLE", "IS_REFRESH", "PERMS", "ICON", "CREATE_BY", "CREATE_TIME", "UPDATE_BY", "UPDATE_TIME", "REMARK") VALUES ('2001', '站点管理', '1', '1', '/system/site', NULL, 'C', '0', '1', 'system:site:view', '#', 'admin', TO_DATE('2021-01-17 16:51:59', 'SYYYY-MM-DD HH24:MI:SS'), NULL, NULL, NULL);
INSERT INTO "SYS_MENU"("MENU_ID", "MENU_NAME", "PARENT_ID", "ORDER_NUM", "URL", "TARGET", "MENU_TYPE", "VISIBLE", "IS_REFRESH", "PERMS", "ICON", "CREATE_BY", "CREATE_TIME", "UPDATE_BY", "UPDATE_TIME", "REMARK") VALUES ('1', '系统管理', '0', '1', '#', NULL, 'M', '0', '1', NULL, 'fa fa-gear', 'admin', TO_DATE('2021-01-17 11:41:14', 'SYYYY-MM-DD HH24:MI:SS'), NULL, NULL, '系统管理目录');
INSERT INTO "SYS_MENU"("MENU_ID", "MENU_NAME", "PARENT_ID", "ORDER_NUM", "URL", "TARGET", "MENU_TYPE", "VISIBLE", "IS_REFRESH", "PERMS", "ICON", "CREATE_BY", "CREATE_TIME", "UPDATE_BY", "UPDATE_TIME", "REMARK") VALUES ('2', '系统监控', '0', '2', '#', NULL, 'M', '0', '1', NULL, 'fa fa-video-camera', 'admin', TO_DATE('2021-01-17 11:41:14', 'SYYYY-MM-DD HH24:MI:SS'), NULL, NULL, '系统监控目录');
INSERT INTO "SYS_MENU"("MENU_ID", "MENU_NAME", "PARENT_ID", "ORDER_NUM", "URL", "TARGET", "MENU_TYPE", "VISIBLE", "IS_REFRESH", "PERMS", "ICON", "CREATE_BY", "CREATE_TIME", "UPDATE_BY", "UPDATE_TIME", "REMARK") VALUES ('3', '系统工具', '0', '3', '#', NULL, 'M', '0', '1', NULL, 'fa fa-bars', 'admin', TO_DATE('2021-01-17 11:41:14', 'SYYYY-MM-DD HH24:MI:SS'), NULL, NULL, '系统工具目录');
INSERT INTO "SYS_MENU"("MENU_ID", "MENU_NAME", "PARENT_ID", "ORDER_NUM", "URL", "TARGET", "MENU_TYPE", "VISIBLE", "IS_REFRESH", "PERMS", "ICON", "CREATE_BY", "CREATE_TIME", "UPDATE_BY", "UPDATE_TIME", "REMARK") VALUES ('4', '若依官网', '0', '4', 'http://ruoyi.vip', 'menuBlank', 'C', '1', '1', NULL, 'fa fa-location-arrow', 'admin', TO_DATE('2021-01-17 11:41:14', 'SYYYY-MM-DD HH24:MI:SS'), 'admin', TO_DATE('2021-01-19 16:52:16', 'SYYYY-MM-DD HH24:MI:SS'), '若依官网地址');
INSERT INTO "SYS_MENU"("MENU_ID", "MENU_NAME", "PARENT_ID", "ORDER_NUM", "URL", "TARGET", "MENU_TYPE", "VISIBLE", "IS_REFRESH", "PERMS", "ICON", "CREATE_BY", "CREATE_TIME", "UPDATE_BY", "UPDATE_TIME", "REMARK") VALUES ('100', '用户管理', '1', '1', '/system/user', NULL, 'C', '0', '1', 'system:user:view', 'fa fa-user-o', 'admin', TO_DATE('2021-01-17 11:41:14', 'SYYYY-MM-DD HH24:MI:SS'), NULL, NULL, '用户管理菜单');
INSERT INTO "SYS_MENU"("MENU_ID", "MENU_NAME", "PARENT_ID", "ORDER_NUM", "URL", "TARGET", "MENU_TYPE", "VISIBLE", "IS_REFRESH", "PERMS", "ICON", "CREATE_BY", "CREATE_TIME", "UPDATE_BY", "UPDATE_TIME", "REMARK") VALUES ('101', '角色管理', '1', '2', '/system/role', NULL, 'C', '0', '1', 'system:role:view', 'fa fa-user-secret', 'admin', TO_DATE('2021-01-17 11:41:14', 'SYYYY-MM-DD HH24:MI:SS'), NULL, NULL, '角色管理菜单');
INSERT INTO "SYS_MENU"("MENU_ID", "MENU_NAME", "PARENT_ID", "ORDER_NUM", "URL", "TARGET", "MENU_TYPE", "VISIBLE", "IS_REFRESH", "PERMS", "ICON", "CREATE_BY", "CREATE_TIME", "UPDATE_BY", "UPDATE_TIME", "REMARK") VALUES ('102', '菜单管理', '1', '3', '/system/menu', NULL, 'C', '0', '1', 'system:menu:view', 'fa fa-th-list', 'admin', TO_DATE('2021-01-17 11:41:14', 'SYYYY-MM-DD HH24:MI:SS'), NULL, NULL, '菜单管理菜单');
INSERT INTO "SYS_MENU"("MENU_ID", "MENU_NAME", "PARENT_ID", "ORDER_NUM", "URL", "TARGET", "MENU_TYPE", "VISIBLE", "IS_REFRESH", "PERMS", "ICON", "CREATE_BY", "CREATE_TIME", "UPDATE_BY", "UPDATE_TIME", "REMARK") VALUES ('103', '部门管理', '1', '4', '/system/dept', NULL, 'C', '0', '1', 'system:dept:view', 'fa fa-outdent', 'admin', TO_DATE('2021-01-17 11:41:14', 'SYYYY-MM-DD HH24:MI:SS'), NULL, NULL, '部门管理菜单');
INSERT INTO "SYS_MENU"("MENU_ID", "MENU_NAME", "PARENT_ID", "ORDER_NUM", "URL", "TARGET", "MENU_TYPE", "VISIBLE", "IS_REFRESH", "PERMS", "ICON", "CREATE_BY", "CREATE_TIME", "UPDATE_BY", "UPDATE_TIME", "REMARK") VALUES ('104', '岗位管理', '1', '5', '/system/post', NULL, 'C', '0', '1', 'system:post:view', 'fa fa-address-card-o', 'admin', TO_DATE('2021-01-17 11:41:14', 'SYYYY-MM-DD HH24:MI:SS'), NULL, NULL, '岗位管理菜单');
INSERT INTO "SYS_MENU"("MENU_ID", "MENU_NAME", "PARENT_ID", "ORDER_NUM", "URL", "TARGET", "MENU_TYPE", "VISIBLE", "IS_REFRESH", "PERMS", "ICON", "CREATE_BY", "CREATE_TIME", "UPDATE_BY", "UPDATE_TIME", "REMARK") VALUES ('105', '字典管理', '1', '6', '/system/dict', NULL, 'C', '0', '1', 'system:dict:view', 'fa fa-bookmark-o', 'admin', TO_DATE('2021-01-17 11:41:14', 'SYYYY-MM-DD HH24:MI:SS'), NULL, NULL, '字典管理菜单');
INSERT INTO "SYS_MENU"("MENU_ID", "MENU_NAME", "PARENT_ID", "ORDER_NUM", "URL", "TARGET", "MENU_TYPE", "VISIBLE", "IS_REFRESH", "PERMS", "ICON", "CREATE_BY", "CREATE_TIME", "UPDATE_BY", "UPDATE_TIME", "REMARK") VALUES ('106', '参数设置', '1', '7', '/system/config', NULL, 'C', '0', '1', 'system:config:view', 'fa fa-sun-o', 'admin', TO_DATE('2021-01-17 11:41:14', 'SYYYY-MM-DD HH24:MI:SS'), NULL, NULL, '参数设置菜单');
INSERT INTO "SYS_MENU"("MENU_ID", "MENU_NAME", "PARENT_ID", "ORDER_NUM", "URL", "TARGET", "MENU_TYPE", "VISIBLE", "IS_REFRESH", "PERMS", "ICON", "CREATE_BY", "CREATE_TIME", "UPDATE_BY", "UPDATE_TIME", "REMARK") VALUES ('107', '通知公告', '1', '8', '/system/notice', NULL, 'C', '0', '1', 'system:notice:view', 'fa fa-bullhorn', 'admin', TO_DATE('2021-01-17 11:41:14', 'SYYYY-MM-DD HH24:MI:SS'), NULL, NULL, '通知公告菜单');
INSERT INTO "SYS_MENU"("MENU_ID", "MENU_NAME", "PARENT_ID", "ORDER_NUM", "URL", "TARGET", "MENU_TYPE", "VISIBLE", "IS_REFRESH", "PERMS", "ICON", "CREATE_BY", "CREATE_TIME", "UPDATE_BY", "UPDATE_TIME", "REMARK") VALUES ('108', '日志管理', '1', '9', '#', NULL, 'M', '0', '1', NULL, 'fa fa-pencil-square-o', 'admin', TO_DATE('2021-01-17 11:41:15', 'SYYYY-MM-DD HH24:MI:SS'), NULL, NULL, '日志管理菜单');
INSERT INTO "SYS_MENU"("MENU_ID", "MENU_NAME", "PARENT_ID", "ORDER_NUM", "URL", "TARGET", "MENU_TYPE", "VISIBLE", "IS_REFRESH", "PERMS", "ICON", "CREATE_BY", "CREATE_TIME", "UPDATE_BY", "UPDATE_TIME", "REMARK") VALUES ('109', '在线用户', '2', '1', '/monitor/online', NULL, 'C', '0', '1', 'monitor:online:view', 'fa fa-user-circle', 'admin', TO_DATE('2021-01-17 11:41:15', 'SYYYY-MM-DD HH24:MI:SS'), NULL, NULL, '在线用户菜单');
INSERT INTO "SYS_MENU"("MENU_ID", "MENU_NAME", "PARENT_ID", "ORDER_NUM", "URL", "TARGET", "MENU_TYPE", "VISIBLE", "IS_REFRESH", "PERMS", "ICON", "CREATE_BY", "CREATE_TIME", "UPDATE_BY", "UPDATE_TIME", "REMARK") VALUES ('110', '定时任务', '2', '2', '/monitor/job', NULL, 'C', '0', '1', 'monitor:job:view', 'fa fa-tasks', 'admin', TO_DATE('2021-01-17 11:41:15', 'SYYYY-MM-DD HH24:MI:SS'), NULL, NULL, '定时任务菜单');
INSERT INTO "SYS_MENU"("MENU_ID", "MENU_NAME", "PARENT_ID", "ORDER_NUM", "URL", "TARGET", "MENU_TYPE", "VISIBLE", "IS_REFRESH", "PERMS", "ICON", "CREATE_BY", "CREATE_TIME", "UPDATE_BY", "UPDATE_TIME", "REMARK") VALUES ('111', '数据监控', '2', '3', '/monitor/data', NULL, 'C', '0', '1', 'monitor:data:view', 'fa fa-bug', 'admin', TO_DATE('2021-01-17 11:41:15', 'SYYYY-MM-DD HH24:MI:SS'), NULL, NULL, '数据监控菜单');
INSERT INTO "SYS_MENU"("MENU_ID", "MENU_NAME", "PARENT_ID", "ORDER_NUM", "URL", "TARGET", "MENU_TYPE", "VISIBLE", "IS_REFRESH", "PERMS", "ICON", "CREATE_BY", "CREATE_TIME", "UPDATE_BY", "UPDATE_TIME", "REMARK") VALUES ('112', '服务监控', '2', '4', '/monitor/server', NULL, 'C', '0', '1', 'monitor:server:view', 'fa fa-server', 'admin', TO_DATE('2021-01-17 11:41:15', 'SYYYY-MM-DD HH24:MI:SS'), NULL, NULL, '服务监控菜单');
INSERT INTO "SYS_MENU"("MENU_ID", "MENU_NAME", "PARENT_ID", "ORDER_NUM", "URL", "TARGET", "MENU_TYPE", "VISIBLE", "IS_REFRESH", "PERMS", "ICON", "CREATE_BY", "CREATE_TIME", "UPDATE_BY", "UPDATE_TIME", "REMARK") VALUES ('113', '缓存监控', '2', '5', '/monitor/cache', NULL, 'C', '0', '1', 'monitor:cache:view', 'fa fa-cube', 'admin', TO_DATE('2021-01-17 11:41:15', 'SYYYY-MM-DD HH24:MI:SS'), NULL, NULL, '缓存监控菜单');
INSERT INTO "SYS_MENU"("MENU_ID", "MENU_NAME", "PARENT_ID", "ORDER_NUM", "URL", "TARGET", "MENU_TYPE", "VISIBLE", "IS_REFRESH", "PERMS", "ICON", "CREATE_BY", "CREATE_TIME", "UPDATE_BY", "UPDATE_TIME", "REMARK") VALUES ('114', '表单构建', '3', '1', '/tool/build', NULL, 'C', '1', '1', 'tool:build:view', 'fa fa-wpforms', 'admin', TO_DATE('2021-01-17 11:41:15', 'SYYYY-MM-DD HH24:MI:SS'), 'admin', TO_DATE('2021-01-19 17:17:29', 'SYYYY-MM-DD HH24:MI:SS'), '表单构建菜单');
INSERT INTO "SYS_MENU"("MENU_ID", "MENU_NAME", "PARENT_ID", "ORDER_NUM", "URL", "TARGET", "MENU_TYPE", "VISIBLE", "IS_REFRESH", "PERMS", "ICON", "CREATE_BY", "CREATE_TIME", "UPDATE_BY", "UPDATE_TIME", "REMARK") VALUES ('115', '代码生成', '3', '2', '/tool/gen', NULL, 'C', '0', '1', 'tool:gen:view', 'fa fa-code', 'admin', TO_DATE('2021-01-17 11:41:15', 'SYYYY-MM-DD HH24:MI:SS'), NULL, NULL, '代码生成菜单');
INSERT INTO "SYS_MENU"("MENU_ID", "MENU_NAME", "PARENT_ID", "ORDER_NUM", "URL", "TARGET", "MENU_TYPE", "VISIBLE", "IS_REFRESH", "PERMS", "ICON", "CREATE_BY", "CREATE_TIME", "UPDATE_BY", "UPDATE_TIME", "REMARK") VALUES ('116', '系统接口', '3', '3', '/tool/swagger', NULL, 'C', '0', '1', 'tool:swagger:view', 'fa fa-gg', 'admin', TO_DATE('2021-01-17 11:41:15', 'SYYYY-MM-DD HH24:MI:SS'), NULL, NULL, '系统接口菜单');
INSERT INTO "SYS_MENU"("MENU_ID", "MENU_NAME", "PARENT_ID", "ORDER_NUM", "URL", "TARGET", "MENU_TYPE", "VISIBLE", "IS_REFRESH", "PERMS", "ICON", "CREATE_BY", "CREATE_TIME", "UPDATE_BY", "UPDATE_TIME", "REMARK") VALUES ('500', '操作日志', '108', '1', '/monitor/operlog', NULL, 'C', '0', '1', 'monitor:operlog:view', 'fa fa-address-book', 'admin', TO_DATE('2021-01-17 11:41:15', 'SYYYY-MM-DD HH24:MI:SS'), NULL, NULL, '操作日志菜单');
INSERT INTO "SYS_MENU"("MENU_ID", "MENU_NAME", "PARENT_ID", "ORDER_NUM", "URL", "TARGET", "MENU_TYPE", "VISIBLE", "IS_REFRESH", "PERMS", "ICON", "CREATE_BY", "CREATE_TIME", "UPDATE_BY", "UPDATE_TIME", "REMARK") VALUES ('501', '登录日志', '108', '2', '/monitor/logininfor', NULL, 'C', '0', '1', 'monitor:logininfor:view', 'fa fa-file-image-o', 'admin', TO_DATE('2021-01-17 11:41:15', 'SYYYY-MM-DD HH24:MI:SS'), NULL, NULL, '登录日志菜单');
INSERT INTO "SYS_MENU"("MENU_ID", "MENU_NAME", "PARENT_ID", "ORDER_NUM", "URL", "TARGET", "MENU_TYPE", "VISIBLE", "IS_REFRESH", "PERMS", "ICON", "CREATE_BY", "CREATE_TIME", "UPDATE_BY", "UPDATE_TIME", "REMARK") VALUES ('1000', '用户查询', '100', '1', '#', NULL, 'F', '0', '1', 'system:user:list', '#', 'admin', TO_DATE('2021-01-17 11:41:15', 'SYYYY-MM-DD HH24:MI:SS'), NULL, NULL, NULL);
INSERT INTO "SYS_MENU"("MENU_ID", "MENU_NAME", "PARENT_ID", "ORDER_NUM", "URL", "TARGET", "MENU_TYPE", "VISIBLE", "IS_REFRESH", "PERMS", "ICON", "CREATE_BY", "CREATE_TIME", "UPDATE_BY", "UPDATE_TIME", "REMARK") VALUES ('1001', '用户新增', '100', '2', '#', NULL, 'F', '0', '1', 'system:user:add', '#', 'admin', TO_DATE('2021-01-17 11:41:15', 'SYYYY-MM-DD HH24:MI:SS'), NULL, NULL, NULL);
INSERT INTO "SYS_MENU"("MENU_ID", "MENU_NAME", "PARENT_ID", "ORDER_NUM", "URL", "TARGET", "MENU_TYPE", "VISIBLE", "IS_REFRESH", "PERMS", "ICON", "CREATE_BY", "CREATE_TIME", "UPDATE_BY", "UPDATE_TIME", "REMARK") VALUES ('1002', '用户修改', '100', '3', '#', NULL, 'F', '0', '1', 'system:user:edit', '#', 'admin', TO_DATE('2021-01-17 11:41:15', 'SYYYY-MM-DD HH24:MI:SS'), NULL, NULL, NULL);
INSERT INTO "SYS_MENU"("MENU_ID", "MENU_NAME", "PARENT_ID", "ORDER_NUM", "URL", "TARGET", "MENU_TYPE", "VISIBLE", "IS_REFRESH", "PERMS", "ICON", "CREATE_BY", "CREATE_TIME", "UPDATE_BY", "UPDATE_TIME", "REMARK") VALUES ('1003', '用户删除', '100', '4', '#', NULL, 'F', '0', '1', 'system:user:remove', '#', 'admin', TO_DATE('2021-01-17 11:41:15', 'SYYYY-MM-DD HH24:MI:SS'), NULL, NULL, NULL);
INSERT INTO "SYS_MENU"("MENU_ID", "MENU_NAME", "PARENT_ID", "ORDER_NUM", "URL", "TARGET", "MENU_TYPE", "VISIBLE", "IS_REFRESH", "PERMS", "ICON", "CREATE_BY", "CREATE_TIME", "UPDATE_BY", "UPDATE_TIME", "REMARK") VALUES ('1004', '用户导出', '100', '5', '#', NULL, 'F', '0', '1', 'system:user:export', '#', 'admin', TO_DATE('2021-01-17 11:41:15', 'SYYYY-MM-DD HH24:MI:SS'), NULL, NULL, NULL);
INSERT INTO "SYS_MENU"("MENU_ID", "MENU_NAME", "PARENT_ID", "ORDER_NUM", "URL", "TARGET", "MENU_TYPE", "VISIBLE", "IS_REFRESH", "PERMS", "ICON", "CREATE_BY", "CREATE_TIME", "UPDATE_BY", "UPDATE_TIME", "REMARK") VALUES ('1005', '用户导入', '100', '6', '#', NULL, 'F', '0', '1', 'system:user:import', '#', 'admin', TO_DATE('2021-01-17 11:41:15', 'SYYYY-MM-DD HH24:MI:SS'), NULL, NULL, NULL);
INSERT INTO "SYS_MENU"("MENU_ID", "MENU_NAME", "PARENT_ID", "ORDER_NUM", "URL", "TARGET", "MENU_TYPE", "VISIBLE", "IS_REFRESH", "PERMS", "ICON", "CREATE_BY", "CREATE_TIME", "UPDATE_BY", "UPDATE_TIME", "REMARK") VALUES ('1006', '重置密码', '100', '7', '#', NULL, 'F', '0', '1', 'system:user:resetPwd', '#', 'admin', TO_DATE('2021-01-17 11:41:15', 'SYYYY-MM-DD HH24:MI:SS'), NULL, NULL, NULL);
INSERT INTO "SYS_MENU"("MENU_ID", "MENU_NAME", "PARENT_ID", "ORDER_NUM", "URL", "TARGET", "MENU_TYPE", "VISIBLE", "IS_REFRESH", "PERMS", "ICON", "CREATE_BY", "CREATE_TIME", "UPDATE_BY", "UPDATE_TIME", "REMARK") VALUES ('1007', '角色查询', '101', '1', '#', NULL, 'F', '0', '1', 'system:role:list', '#', 'admin', TO_DATE('2021-01-17 11:41:15', 'SYYYY-MM-DD HH24:MI:SS'), NULL, NULL, NULL);
INSERT INTO "SYS_MENU"("MENU_ID", "MENU_NAME", "PARENT_ID", "ORDER_NUM", "URL", "TARGET", "MENU_TYPE", "VISIBLE", "IS_REFRESH", "PERMS", "ICON", "CREATE_BY", "CREATE_TIME", "UPDATE_BY", "UPDATE_TIME", "REMARK") VALUES ('1008', '角色新增', '101', '2', '#', NULL, 'F', '0', '1', 'system:role:add', '#', 'admin', TO_DATE('2021-01-17 11:41:15', 'SYYYY-MM-DD HH24:MI:SS'), NULL, NULL, NULL);
INSERT INTO "SYS_MENU"("MENU_ID", "MENU_NAME", "PARENT_ID", "ORDER_NUM", "URL", "TARGET", "MENU_TYPE", "VISIBLE", "IS_REFRESH", "PERMS", "ICON", "CREATE_BY", "CREATE_TIME", "UPDATE_BY", "UPDATE_TIME", "REMARK") VALUES ('1009', '角色修改', '101', '3', '#', NULL, 'F', '0', '1', 'system:role:edit', '#', 'admin', TO_DATE('2021-01-17 11:41:15', 'SYYYY-MM-DD HH24:MI:SS'), NULL, NULL, NULL);
INSERT INTO "SYS_MENU"("MENU_ID", "MENU_NAME", "PARENT_ID", "ORDER_NUM", "URL", "TARGET", "MENU_TYPE", "VISIBLE", "IS_REFRESH", "PERMS", "ICON", "CREATE_BY", "CREATE_TIME", "UPDATE_BY", "UPDATE_TIME", "REMARK") VALUES ('1010', '角色删除', '101', '4', '#', NULL, 'F', '0', '1', 'system:role:remove', '#', 'admin', TO_DATE('2021-01-17 11:41:15', 'SYYYY-MM-DD HH24:MI:SS'), NULL, NULL, NULL);
INSERT INTO "SYS_MENU"("MENU_ID", "MENU_NAME", "PARENT_ID", "ORDER_NUM", "URL", "TARGET", "MENU_TYPE", "VISIBLE", "IS_REFRESH", "PERMS", "ICON", "CREATE_BY", "CREATE_TIME", "UPDATE_BY", "UPDATE_TIME", "REMARK") VALUES ('1011', '角色导出', '101', '5', '#', NULL, 'F', '0', '1', 'system:role:export', '#', 'admin', TO_DATE('2021-01-17 11:41:15', 'SYYYY-MM-DD HH24:MI:SS'), NULL, NULL, NULL);
INSERT INTO "SYS_MENU"("MENU_ID", "MENU_NAME", "PARENT_ID", "ORDER_NUM", "URL", "TARGET", "MENU_TYPE", "VISIBLE", "IS_REFRESH", "PERMS", "ICON", "CREATE_BY", "CREATE_TIME", "UPDATE_BY", "UPDATE_TIME", "REMARK") VALUES ('1012', '菜单查询', '102', '1', '#', NULL, 'F', '0', '1', 'system:menu:list', '#', 'admin', TO_DATE('2021-01-17 11:41:15', 'SYYYY-MM-DD HH24:MI:SS'), NULL, NULL, NULL);
INSERT INTO "SYS_MENU"("MENU_ID", "MENU_NAME", "PARENT_ID", "ORDER_NUM", "URL", "TARGET", "MENU_TYPE", "VISIBLE", "IS_REFRESH", "PERMS", "ICON", "CREATE_BY", "CREATE_TIME", "UPDATE_BY", "UPDATE_TIME", "REMARK") VALUES ('1013', '菜单新增', '102', '2', '#', NULL, 'F', '0', '1', 'system:menu:add', '#', 'admin', TO_DATE('2021-01-17 11:41:15', 'SYYYY-MM-DD HH24:MI:SS'), NULL, NULL, NULL);
INSERT INTO "SYS_MENU"("MENU_ID", "MENU_NAME", "PARENT_ID", "ORDER_NUM", "URL", "TARGET", "MENU_TYPE", "VISIBLE", "IS_REFRESH", "PERMS", "ICON", "CREATE_BY", "CREATE_TIME", "UPDATE_BY", "UPDATE_TIME", "REMARK") VALUES ('1014', '菜单修改', '102', '3', '#', NULL, 'F', '0', '1', 'system:menu:edit', '#', 'admin', TO_DATE('2021-01-17 11:41:15', 'SYYYY-MM-DD HH24:MI:SS'), NULL, NULL, NULL);
INSERT INTO "SYS_MENU"("MENU_ID", "MENU_NAME", "PARENT_ID", "ORDER_NUM", "URL", "TARGET", "MENU_TYPE", "VISIBLE", "IS_REFRESH", "PERMS", "ICON", "CREATE_BY", "CREATE_TIME", "UPDATE_BY", "UPDATE_TIME", "REMARK") VALUES ('1015', '菜单删除', '102', '4', '#', NULL, 'F', '0', '1', 'system:menu:remove', '#', 'admin', TO_DATE('2021-01-17 11:41:15', 'SYYYY-MM-DD HH24:MI:SS'), NULL, NULL, NULL);
INSERT INTO "SYS_MENU"("MENU_ID", "MENU_NAME", "PARENT_ID", "ORDER_NUM", "URL", "TARGET", "MENU_TYPE", "VISIBLE", "IS_REFRESH", "PERMS", "ICON", "CREATE_BY", "CREATE_TIME", "UPDATE_BY", "UPDATE_TIME", "REMARK") VALUES ('1016', '部门查询', '103', '1', '#', NULL, 'F', '0', '1', 'system:dept:list', '#', 'admin', TO_DATE('2021-01-17 11:41:15', 'SYYYY-MM-DD HH24:MI:SS'), NULL, NULL, NULL);
INSERT INTO "SYS_MENU"("MENU_ID", "MENU_NAME", "PARENT_ID", "ORDER_NUM", "URL", "TARGET", "MENU_TYPE", "VISIBLE", "IS_REFRESH", "PERMS", "ICON", "CREATE_BY", "CREATE_TIME", "UPDATE_BY", "UPDATE_TIME", "REMARK") VALUES ('1017', '部门新增', '103', '2', '#', NULL, 'F', '0', '1', 'system:dept:add', '#', 'admin', TO_DATE('2021-01-17 11:41:15', 'SYYYY-MM-DD HH24:MI:SS'), NULL, NULL, NULL);
INSERT INTO "SYS_MENU"("MENU_ID", "MENU_NAME", "PARENT_ID", "ORDER_NUM", "URL", "TARGET", "MENU_TYPE", "VISIBLE", "IS_REFRESH", "PERMS", "ICON", "CREATE_BY", "CREATE_TIME", "UPDATE_BY", "UPDATE_TIME", "REMARK") VALUES ('1018', '部门修改', '103', '3', '#', NULL, 'F', '0', '1', 'system:dept:edit', '#', 'admin', TO_DATE('2021-01-17 11:41:15', 'SYYYY-MM-DD HH24:MI:SS'), NULL, NULL, NULL);
INSERT INTO "SYS_MENU"("MENU_ID", "MENU_NAME", "PARENT_ID", "ORDER_NUM", "URL", "TARGET", "MENU_TYPE", "VISIBLE", "IS_REFRESH", "PERMS", "ICON", "CREATE_BY", "CREATE_TIME", "UPDATE_BY", "UPDATE_TIME", "REMARK") VALUES ('1019', '部门删除', '103', '4', '#', NULL, 'F', '0', '1', 'system:dept:remove', '#', 'admin', TO_DATE('2021-01-17 11:41:15', 'SYYYY-MM-DD HH24:MI:SS'), NULL, NULL, NULL);
INSERT INTO "SYS_MENU"("MENU_ID", "MENU_NAME", "PARENT_ID", "ORDER_NUM", "URL", "TARGET", "MENU_TYPE", "VISIBLE", "IS_REFRESH", "PERMS", "ICON", "CREATE_BY", "CREATE_TIME", "UPDATE_BY", "UPDATE_TIME", "REMARK") VALUES ('1020', '岗位查询', '104', '1', '#', NULL, 'F', '0', '1', 'system:post:list', '#', 'admin', TO_DATE('2021-01-17 11:41:15', 'SYYYY-MM-DD HH24:MI:SS'), NULL, NULL, NULL);
INSERT INTO "SYS_MENU"("MENU_ID", "MENU_NAME", "PARENT_ID", "ORDER_NUM", "URL", "TARGET", "MENU_TYPE", "VISIBLE", "IS_REFRESH", "PERMS", "ICON", "CREATE_BY", "CREATE_TIME", "UPDATE_BY", "UPDATE_TIME", "REMARK") VALUES ('1021', '岗位新增', '104', '2', '#', NULL, 'F', '0', '1', 'system:post:add', '#', 'admin', TO_DATE('2021-01-17 11:41:15', 'SYYYY-MM-DD HH24:MI:SS'), NULL, NULL, NULL);
INSERT INTO "SYS_MENU"("MENU_ID", "MENU_NAME", "PARENT_ID", "ORDER_NUM", "URL", "TARGET", "MENU_TYPE", "VISIBLE", "IS_REFRESH", "PERMS", "ICON", "CREATE_BY", "CREATE_TIME", "UPDATE_BY", "UPDATE_TIME", "REMARK") VALUES ('1022', '岗位修改', '104', '3', '#', NULL, 'F', '0', '1', 'system:post:edit', '#', 'admin', TO_DATE('2021-01-17 11:41:15', 'SYYYY-MM-DD HH24:MI:SS'), NULL, NULL, NULL);
INSERT INTO "SYS_MENU"("MENU_ID", "MENU_NAME", "PARENT_ID", "ORDER_NUM", "URL", "TARGET", "MENU_TYPE", "VISIBLE", "IS_REFRESH", "PERMS", "ICON", "CREATE_BY", "CREATE_TIME", "UPDATE_BY", "UPDATE_TIME", "REMARK") VALUES ('1023', '岗位删除', '104', '4', '#', NULL, 'F', '0', '1', 'system:post:remove', '#', 'admin', TO_DATE('2021-01-17 11:41:15', 'SYYYY-MM-DD HH24:MI:SS'), NULL, NULL, NULL);
INSERT INTO "SYS_MENU"("MENU_ID", "MENU_NAME", "PARENT_ID", "ORDER_NUM", "URL", "TARGET", "MENU_TYPE", "VISIBLE", "IS_REFRESH", "PERMS", "ICON", "CREATE_BY", "CREATE_TIME", "UPDATE_BY", "UPDATE_TIME", "REMARK") VALUES ('1024', '岗位导出', '104', '5', '#', NULL, 'F', '0', '1', 'system:post:export', '#', 'admin', TO_DATE('2021-01-17 11:41:15', 'SYYYY-MM-DD HH24:MI:SS'), NULL, NULL, NULL);
INSERT INTO "SYS_MENU"("MENU_ID", "MENU_NAME", "PARENT_ID", "ORDER_NUM", "URL", "TARGET", "MENU_TYPE", "VISIBLE", "IS_REFRESH", "PERMS", "ICON", "CREATE_BY", "CREATE_TIME", "UPDATE_BY", "UPDATE_TIME", "REMARK") VALUES ('1025', '字典查询', '105', '1', '#', NULL, 'F', '0', '1', 'system:dict:list', '#', 'admin', TO_DATE('2021-01-17 11:41:15', 'SYYYY-MM-DD HH24:MI:SS'), NULL, NULL, NULL);
INSERT INTO "SYS_MENU"("MENU_ID", "MENU_NAME", "PARENT_ID", "ORDER_NUM", "URL", "TARGET", "MENU_TYPE", "VISIBLE", "IS_REFRESH", "PERMS", "ICON", "CREATE_BY", "CREATE_TIME", "UPDATE_BY", "UPDATE_TIME", "REMARK") VALUES ('1026', '字典新增', '105', '2', '#', NULL, 'F', '0', '1', 'system:dict:add', '#', 'admin', TO_DATE('2021-01-17 11:41:15', 'SYYYY-MM-DD HH24:MI:SS'), NULL, NULL, NULL);
INSERT INTO "SYS_MENU"("MENU_ID", "MENU_NAME", "PARENT_ID", "ORDER_NUM", "URL", "TARGET", "MENU_TYPE", "VISIBLE", "IS_REFRESH", "PERMS", "ICON", "CREATE_BY", "CREATE_TIME", "UPDATE_BY", "UPDATE_TIME", "REMARK") VALUES ('1027', '字典修改', '105', '3', '#', NULL, 'F', '0', '1', 'system:dict:edit', '#', 'admin', TO_DATE('2021-01-17 11:41:15', 'SYYYY-MM-DD HH24:MI:SS'), NULL, NULL, NULL);
INSERT INTO "SYS_MENU"("MENU_ID", "MENU_NAME", "PARENT_ID", "ORDER_NUM", "URL", "TARGET", "MENU_TYPE", "VISIBLE", "IS_REFRESH", "PERMS", "ICON", "CREATE_BY", "CREATE_TIME", "UPDATE_BY", "UPDATE_TIME", "REMARK") VALUES ('1028', '字典删除', '105', '4', '#', NULL, 'F', '0', '1', 'system:dict:remove', '#', 'admin', TO_DATE('2021-01-17 11:41:15', 'SYYYY-MM-DD HH24:MI:SS'), NULL, NULL, NULL);
INSERT INTO "SYS_MENU"("MENU_ID", "MENU_NAME", "PARENT_ID", "ORDER_NUM", "URL", "TARGET", "MENU_TYPE", "VISIBLE", "IS_REFRESH", "PERMS", "ICON", "CREATE_BY", "CREATE_TIME", "UPDATE_BY", "UPDATE_TIME", "REMARK") VALUES ('1029', '字典导出', '105', '5', '#', NULL, 'F', '0', '1', 'system:dict:export', '#', 'admin', TO_DATE('2021-01-17 11:41:15', 'SYYYY-MM-DD HH24:MI:SS'), NULL, NULL, NULL);
INSERT INTO "SYS_MENU"("MENU_ID", "MENU_NAME", "PARENT_ID", "ORDER_NUM", "URL", "TARGET", "MENU_TYPE", "VISIBLE", "IS_REFRESH", "PERMS", "ICON", "CREATE_BY", "CREATE_TIME", "UPDATE_BY", "UPDATE_TIME", "REMARK") VALUES ('1030', '参数查询', '106', '1', '#', NULL, 'F', '0', '1', 'system:config:list', '#', 'admin', TO_DATE('2021-01-17 11:41:15', 'SYYYY-MM-DD HH24:MI:SS'), NULL, NULL, NULL);
INSERT INTO "SYS_MENU"("MENU_ID", "MENU_NAME", "PARENT_ID", "ORDER_NUM", "URL", "TARGET", "MENU_TYPE", "VISIBLE", "IS_REFRESH", "PERMS", "ICON", "CREATE_BY", "CREATE_TIME", "UPDATE_BY", "UPDATE_TIME", "REMARK") VALUES ('1031', '参数新增', '106', '2', '#', NULL, 'F', '0', '1', 'system:config:add', '#', 'admin', TO_DATE('2021-01-17 11:41:15', 'SYYYY-MM-DD HH24:MI:SS'), NULL, NULL, NULL);
INSERT INTO "SYS_MENU"("MENU_ID", "MENU_NAME", "PARENT_ID", "ORDER_NUM", "URL", "TARGET", "MENU_TYPE", "VISIBLE", "IS_REFRESH", "PERMS", "ICON", "CREATE_BY", "CREATE_TIME", "UPDATE_BY", "UPDATE_TIME", "REMARK") VALUES ('1032', '参数修改', '106', '3', '#', NULL, 'F', '0', '1', 'system:config:edit', '#', 'admin', TO_DATE('2021-01-17 11:41:15', 'SYYYY-MM-DD HH24:MI:SS'), NULL, NULL, NULL);
INSERT INTO "SYS_MENU"("MENU_ID", "MENU_NAME", "PARENT_ID", "ORDER_NUM", "URL", "TARGET", "MENU_TYPE", "VISIBLE", "IS_REFRESH", "PERMS", "ICON", "CREATE_BY", "CREATE_TIME", "UPDATE_BY", "UPDATE_TIME", "REMARK") VALUES ('1033', '参数删除', '106', '4', '#', NULL, 'F', '0', '1', 'system:config:remove', '#', 'admin', TO_DATE('2021-01-17 11:41:15', 'SYYYY-MM-DD HH24:MI:SS'), NULL, NULL, NULL);
INSERT INTO "SYS_MENU"("MENU_ID", "MENU_NAME", "PARENT_ID", "ORDER_NUM", "URL", "TARGET", "MENU_TYPE", "VISIBLE", "IS_REFRESH", "PERMS", "ICON", "CREATE_BY", "CREATE_TIME", "UPDATE_BY", "UPDATE_TIME", "REMARK") VALUES ('1034', '参数导出', '106', '5', '#', NULL, 'F', '0', '1', 'system:config:export', '#', 'admin', TO_DATE('2021-01-17 11:41:15', 'SYYYY-MM-DD HH24:MI:SS'), NULL, NULL, NULL);
INSERT INTO "SYS_MENU"("MENU_ID", "MENU_NAME", "PARENT_ID", "ORDER_NUM", "URL", "TARGET", "MENU_TYPE", "VISIBLE", "IS_REFRESH", "PERMS", "ICON", "CREATE_BY", "CREATE_TIME", "UPDATE_BY", "UPDATE_TIME", "REMARK") VALUES ('1035', '公告查询', '107', '1', '#', NULL, 'F', '0', '1', 'system:notice:list', '#', 'admin', TO_DATE('2021-01-17 11:41:15', 'SYYYY-MM-DD HH24:MI:SS'), NULL, NULL, NULL);
INSERT INTO "SYS_MENU"("MENU_ID", "MENU_NAME", "PARENT_ID", "ORDER_NUM", "URL", "TARGET", "MENU_TYPE", "VISIBLE", "IS_REFRESH", "PERMS", "ICON", "CREATE_BY", "CREATE_TIME", "UPDATE_BY", "UPDATE_TIME", "REMARK") VALUES ('1036', '公告新增', '107', '2', '#', NULL, 'F', '0', '1', 'system:notice:add', '#', 'admin', TO_DATE('2021-01-17 11:41:15', 'SYYYY-MM-DD HH24:MI:SS'), NULL, NULL, NULL);
INSERT INTO "SYS_MENU"("MENU_ID", "MENU_NAME", "PARENT_ID", "ORDER_NUM", "URL", "TARGET", "MENU_TYPE", "VISIBLE", "IS_REFRESH", "PERMS", "ICON", "CREATE_BY", "CREATE_TIME", "UPDATE_BY", "UPDATE_TIME", "REMARK") VALUES ('1037', '公告修改', '107', '3', '#', NULL, 'F', '0', '1', 'system:notice:edit', '#', 'admin', TO_DATE('2021-01-17 11:41:15', 'SYYYY-MM-DD HH24:MI:SS'), NULL, NULL, NULL);
INSERT INTO "SYS_MENU"("MENU_ID", "MENU_NAME", "PARENT_ID", "ORDER_NUM", "URL", "TARGET", "MENU_TYPE", "VISIBLE", "IS_REFRESH", "PERMS", "ICON", "CREATE_BY", "CREATE_TIME", "UPDATE_BY", "UPDATE_TIME", "REMARK") VALUES ('1038', '公告删除', '107', '4', '#', NULL, 'F', '0', '1', 'system:notice:remove', '#', 'admin', TO_DATE('2021-01-17 11:41:15', 'SYYYY-MM-DD HH24:MI:SS'), NULL, NULL, NULL);
INSERT INTO "SYS_MENU"("MENU_ID", "MENU_NAME", "PARENT_ID", "ORDER_NUM", "URL", "TARGET", "MENU_TYPE", "VISIBLE", "IS_REFRESH", "PERMS", "ICON", "CREATE_BY", "CREATE_TIME", "UPDATE_BY", "UPDATE_TIME", "REMARK") VALUES ('1039', '操作查询', '500', '1', '#', NULL, 'F', '0', '1', 'monitor:operlog:list', '#', 'admin', TO_DATE('2021-01-17 11:41:15', 'SYYYY-MM-DD HH24:MI:SS'), NULL, NULL, NULL);
INSERT INTO "SYS_MENU"("MENU_ID", "MENU_NAME", "PARENT_ID", "ORDER_NUM", "URL", "TARGET", "MENU_TYPE", "VISIBLE", "IS_REFRESH", "PERMS", "ICON", "CREATE_BY", "CREATE_TIME", "UPDATE_BY", "UPDATE_TIME", "REMARK") VALUES ('1040', '操作删除', '500', '2', '#', NULL, 'F', '0', '1', 'monitor:operlog:remove', '#', 'admin', TO_DATE('2021-01-17 11:41:15', 'SYYYY-MM-DD HH24:MI:SS'), NULL, NULL, NULL);
INSERT INTO "SYS_MENU"("MENU_ID", "MENU_NAME", "PARENT_ID", "ORDER_NUM", "URL", "TARGET", "MENU_TYPE", "VISIBLE", "IS_REFRESH", "PERMS", "ICON", "CREATE_BY", "CREATE_TIME", "UPDATE_BY", "UPDATE_TIME", "REMARK") VALUES ('1041', '详细信息', '500', '3', '#', NULL, 'F', '0', '1', 'monitor:operlog:detail', '#', 'admin', TO_DATE('2021-01-17 11:41:15', 'SYYYY-MM-DD HH24:MI:SS'), NULL, NULL, NULL);
INSERT INTO "SYS_MENU"("MENU_ID", "MENU_NAME", "PARENT_ID", "ORDER_NUM", "URL", "TARGET", "MENU_TYPE", "VISIBLE", "IS_REFRESH", "PERMS", "ICON", "CREATE_BY", "CREATE_TIME", "UPDATE_BY", "UPDATE_TIME", "REMARK") VALUES ('1042', '日志导出', '500', '4', '#', NULL, 'F', '0', '1', 'monitor:operlog:export', '#', 'admin', TO_DATE('2021-01-17 11:41:15', 'SYYYY-MM-DD HH24:MI:SS'), NULL, NULL, NULL);
INSERT INTO "SYS_MENU"("MENU_ID", "MENU_NAME", "PARENT_ID", "ORDER_NUM", "URL", "TARGET", "MENU_TYPE", "VISIBLE", "IS_REFRESH", "PERMS", "ICON", "CREATE_BY", "CREATE_TIME", "UPDATE_BY", "UPDATE_TIME", "REMARK") VALUES ('1043', '登录查询', '501', '1', '#', NULL, 'F', '0', '1', 'monitor:logininfor:list', '#', 'admin', TO_DATE('2021-01-17 11:41:15', 'SYYYY-MM-DD HH24:MI:SS'), NULL, NULL, NULL);
INSERT INTO "SYS_MENU"("MENU_ID", "MENU_NAME", "PARENT_ID", "ORDER_NUM", "URL", "TARGET", "MENU_TYPE", "VISIBLE", "IS_REFRESH", "PERMS", "ICON", "CREATE_BY", "CREATE_TIME", "UPDATE_BY", "UPDATE_TIME", "REMARK") VALUES ('1044', '登录删除', '501', '2', '#', NULL, 'F', '0', '1', 'monitor:logininfor:remove', '#', 'admin', TO_DATE('2021-01-17 11:41:15', 'SYYYY-MM-DD HH24:MI:SS'), NULL, NULL, NULL);
INSERT INTO "SYS_MENU"("MENU_ID", "MENU_NAME", "PARENT_ID", "ORDER_NUM", "URL", "TARGET", "MENU_TYPE", "VISIBLE", "IS_REFRESH", "PERMS", "ICON", "CREATE_BY", "CREATE_TIME", "UPDATE_BY", "UPDATE_TIME", "REMARK") VALUES ('1045', '日志导出', '501', '3', '#', NULL, 'F', '0', '1', 'monitor:logininfor:export', '#', 'admin', TO_DATE('2021-01-17 11:41:15', 'SYYYY-MM-DD HH24:MI:SS'), NULL, NULL, NULL);
INSERT INTO "SYS_MENU"("MENU_ID", "MENU_NAME", "PARENT_ID", "ORDER_NUM", "URL", "TARGET", "MENU_TYPE", "VISIBLE", "IS_REFRESH", "PERMS", "ICON", "CREATE_BY", "CREATE_TIME", "UPDATE_BY", "UPDATE_TIME", "REMARK") VALUES ('1046', '账户解锁', '501', '4', '#', NULL, 'F', '0', '1', 'monitor:logininfor:unlock', '#', 'admin', TO_DATE('2021-01-17 11:41:15', 'SYYYY-MM-DD HH24:MI:SS'), NULL, NULL, NULL);
INSERT INTO "SYS_MENU"("MENU_ID", "MENU_NAME", "PARENT_ID", "ORDER_NUM", "URL", "TARGET", "MENU_TYPE", "VISIBLE", "IS_REFRESH", "PERMS", "ICON", "CREATE_BY", "CREATE_TIME", "UPDATE_BY", "UPDATE_TIME", "REMARK") VALUES ('1047', '在线查询', '109', '1', '#', NULL, 'F', '0', '1', 'monitor:online:list', '#', 'admin', TO_DATE('2021-01-17 11:41:15', 'SYYYY-MM-DD HH24:MI:SS'), NULL, NULL, NULL);
INSERT INTO "SYS_MENU"("MENU_ID", "MENU_NAME", "PARENT_ID", "ORDER_NUM", "URL", "TARGET", "MENU_TYPE", "VISIBLE", "IS_REFRESH", "PERMS", "ICON", "CREATE_BY", "CREATE_TIME", "UPDATE_BY", "UPDATE_TIME", "REMARK") VALUES ('1048', '批量强退', '109', '2', '#', NULL, 'F', '0', '1', 'monitor:online:batchForceLogout', '#', 'admin', TO_DATE('2021-01-17 11:41:15', 'SYYYY-MM-DD HH24:MI:SS'), NULL, NULL, NULL);
INSERT INTO "SYS_MENU"("MENU_ID", "MENU_NAME", "PARENT_ID", "ORDER_NUM", "URL", "TARGET", "MENU_TYPE", "VISIBLE", "IS_REFRESH", "PERMS", "ICON", "CREATE_BY", "CREATE_TIME", "UPDATE_BY", "UPDATE_TIME", "REMARK") VALUES ('1049', '单条强退', '109', '3', '#', NULL, 'F', '0', '1', 'monitor:online:forceLogout', '#', 'admin', TO_DATE('2021-01-17 11:41:15', 'SYYYY-MM-DD HH24:MI:SS'), NULL, NULL, NULL);
INSERT INTO "SYS_MENU"("MENU_ID", "MENU_NAME", "PARENT_ID", "ORDER_NUM", "URL", "TARGET", "MENU_TYPE", "VISIBLE", "IS_REFRESH", "PERMS", "ICON", "CREATE_BY", "CREATE_TIME", "UPDATE_BY", "UPDATE_TIME", "REMARK") VALUES ('1050', '任务查询', '110', '1', '#', NULL, 'F', '0', '1', 'monitor:job:list', '#', 'admin', TO_DATE('2021-01-17 11:41:15', 'SYYYY-MM-DD HH24:MI:SS'), NULL, NULL, NULL);
INSERT INTO "SYS_MENU"("MENU_ID", "MENU_NAME", "PARENT_ID", "ORDER_NUM", "URL", "TARGET", "MENU_TYPE", "VISIBLE", "IS_REFRESH", "PERMS", "ICON", "CREATE_BY", "CREATE_TIME", "UPDATE_BY", "UPDATE_TIME", "REMARK") VALUES ('1051', '任务新增', '110', '2', '#', NULL, 'F', '0', '1', 'monitor:job:add', '#', 'admin', TO_DATE('2021-01-17 11:41:15', 'SYYYY-MM-DD HH24:MI:SS'), NULL, NULL, NULL);
INSERT INTO "SYS_MENU"("MENU_ID", "MENU_NAME", "PARENT_ID", "ORDER_NUM", "URL", "TARGET", "MENU_TYPE", "VISIBLE", "IS_REFRESH", "PERMS", "ICON", "CREATE_BY", "CREATE_TIME", "UPDATE_BY", "UPDATE_TIME", "REMARK") VALUES ('1052', '任务修改', '110', '3', '#', NULL, 'F', '0', '1', 'monitor:job:edit', '#', 'admin', TO_DATE('2021-01-17 11:41:15', 'SYYYY-MM-DD HH24:MI:SS'), NULL, NULL, NULL);
INSERT INTO "SYS_MENU"("MENU_ID", "MENU_NAME", "PARENT_ID", "ORDER_NUM", "URL", "TARGET", "MENU_TYPE", "VISIBLE", "IS_REFRESH", "PERMS", "ICON", "CREATE_BY", "CREATE_TIME", "UPDATE_BY", "UPDATE_TIME", "REMARK") VALUES ('1053', '任务删除', '110', '4', '#', NULL, 'F', '0', '1', 'monitor:job:remove', '#', 'admin', TO_DATE('2021-01-17 11:41:15', 'SYYYY-MM-DD HH24:MI:SS'), NULL, NULL, NULL);
INSERT INTO "SYS_MENU"("MENU_ID", "MENU_NAME", "PARENT_ID", "ORDER_NUM", "URL", "TARGET", "MENU_TYPE", "VISIBLE", "IS_REFRESH", "PERMS", "ICON", "CREATE_BY", "CREATE_TIME", "UPDATE_BY", "UPDATE_TIME", "REMARK") VALUES ('1054', '状态修改', '110', '5', '#', NULL, 'F', '0', '1', 'monitor:job:changeStatus', '#', 'admin', TO_DATE('2021-01-17 11:41:15', 'SYYYY-MM-DD HH24:MI:SS'), NULL, NULL, NULL);
INSERT INTO "SYS_MENU"("MENU_ID", "MENU_NAME", "PARENT_ID", "ORDER_NUM", "URL", "TARGET", "MENU_TYPE", "VISIBLE", "IS_REFRESH", "PERMS", "ICON", "CREATE_BY", "CREATE_TIME", "UPDATE_BY", "UPDATE_TIME", "REMARK") VALUES ('1055', '任务详细', '110', '6', '#', NULL, 'F', '0', '1', 'monitor:job:detail', '#', 'admin', TO_DATE('2021-01-17 11:41:15', 'SYYYY-MM-DD HH24:MI:SS'), NULL, NULL, NULL);
INSERT INTO "SYS_MENU"("MENU_ID", "MENU_NAME", "PARENT_ID", "ORDER_NUM", "URL", "TARGET", "MENU_TYPE", "VISIBLE", "IS_REFRESH", "PERMS", "ICON", "CREATE_BY", "CREATE_TIME", "UPDATE_BY", "UPDATE_TIME", "REMARK") VALUES ('1056', '任务导出', '110', '7', '#', NULL, 'F', '0', '1', 'monitor:job:export', '#', 'admin', TO_DATE('2021-01-17 11:41:15', 'SYYYY-MM-DD HH24:MI:SS'), NULL, NULL, NULL);
INSERT INTO "SYS_MENU"("MENU_ID", "MENU_NAME", "PARENT_ID", "ORDER_NUM", "URL", "TARGET", "MENU_TYPE", "VISIBLE", "IS_REFRESH", "PERMS", "ICON", "CREATE_BY", "CREATE_TIME", "UPDATE_BY", "UPDATE_TIME", "REMARK") VALUES ('1057', '生成查询', '115', '1', '#', NULL, 'F', '0', '1', 'tool:gen:list', '#', 'admin', TO_DATE('2021-01-17 11:41:15', 'SYYYY-MM-DD HH24:MI:SS'), NULL, NULL, NULL);
INSERT INTO "SYS_MENU"("MENU_ID", "MENU_NAME", "PARENT_ID", "ORDER_NUM", "URL", "TARGET", "MENU_TYPE", "VISIBLE", "IS_REFRESH", "PERMS", "ICON", "CREATE_BY", "CREATE_TIME", "UPDATE_BY", "UPDATE_TIME", "REMARK") VALUES ('1058', '生成修改', '115', '2', '#', NULL, 'F', '0', '1', 'tool:gen:edit', '#', 'admin', TO_DATE('2021-01-17 11:41:15', 'SYYYY-MM-DD HH24:MI:SS'), NULL, NULL, NULL);
INSERT INTO "SYS_MENU"("MENU_ID", "MENU_NAME", "PARENT_ID", "ORDER_NUM", "URL", "TARGET", "MENU_TYPE", "VISIBLE", "IS_REFRESH", "PERMS", "ICON", "CREATE_BY", "CREATE_TIME", "UPDATE_BY", "UPDATE_TIME", "REMARK") VALUES ('1059', '生成删除', '115', '3', '#', NULL, 'F', '0', '1', 'tool:gen:remove', '#', 'admin', TO_DATE('2021-01-17 11:41:15', 'SYYYY-MM-DD HH24:MI:SS'), NULL, NULL, NULL);
INSERT INTO "SYS_MENU"("MENU_ID", "MENU_NAME", "PARENT_ID", "ORDER_NUM", "URL", "TARGET", "MENU_TYPE", "VISIBLE", "IS_REFRESH", "PERMS", "ICON", "CREATE_BY", "CREATE_TIME", "UPDATE_BY", "UPDATE_TIME", "REMARK") VALUES ('1060', '预览代码', '115', '4', '#', NULL, 'F', '0', '1', 'tool:gen:preview', '#', 'admin', TO_DATE('2021-01-17 11:41:15', 'SYYYY-MM-DD HH24:MI:SS'), NULL, NULL, NULL);
INSERT INTO "SYS_MENU"("MENU_ID", "MENU_NAME", "PARENT_ID", "ORDER_NUM", "URL", "TARGET", "MENU_TYPE", "VISIBLE", "IS_REFRESH", "PERMS", "ICON", "CREATE_BY", "CREATE_TIME", "UPDATE_BY", "UPDATE_TIME", "REMARK") VALUES ('1061', '生成代码', '115', '5', '#', NULL, 'F', '0', '1', 'tool:gen:code', '#', 'admin', TO_DATE('2021-01-17 11:41:15', 'SYYYY-MM-DD HH24:MI:SS'), NULL, NULL, NULL);
INSERT INTO "SYS_NOTICE"("NOTICE_ID", "NOTICE_TITLE", "NOTICE_TYPE", "NOTICE_CONTENT", "STATUS", "CREATE_BY", "CREATE_TIME", "UPDATE_BY", "UPDATE_TIME", "REMARK") VALUES ('1', '温馨提醒：2018-07-01 若依新版本发布啦', '2', '新版本内容', '0', 'admin', TO_DATE('2021-01-17 11:41:19', 'SYYYY-MM-DD HH24:MI:SS'), NULL, NULL, '管理员');
INSERT INTO "SYS_NOTICE"("NOTICE_ID", "NOTICE_TITLE", "NOTICE_TYPE", "NOTICE_CONTENT", "STATUS", "CREATE_BY", "CREATE_TIME", "UPDATE_BY", "UPDATE_TIME", "REMARK") VALUES ('2', '维护通知：2018-07-01 若依系统凌晨维护', '1', '维护内容', '0', 'admin', TO_DATE('2021-01-17 11:41:19', 'SYYYY-MM-DD HH24:MI:SS'), NULL, NULL, '管理员');
INSERT INTO "SYS_POST"("POST_ID", "POST_CODE", "POST_NAME", "POST_SORT", "STATUS", "CREATE_BY", "CREATE_TIME", "UPDATE_BY", "UPDATE_TIME", "REMARK", "SITE_ID") VALUES ('1', 'ceo', '董事长', '1', '0', 'admin', TO_DATE('2021-01-17 11:41:14', 'SYYYY-MM-DD HH24:MI:SS'), 'admin', TO_DATE('2021-01-18 15:07:16', 'SYYYY-MM-DD HH24:MI:SS'), NULL, '111');
INSERT INTO "SYS_POST"("POST_ID", "POST_CODE", "POST_NAME", "POST_SORT", "STATUS", "CREATE_BY", "CREATE_TIME", "UPDATE_BY", "UPDATE_TIME", "REMARK", "SITE_ID") VALUES ('2', 'se', '项目经理', '2', '0', 'admin', TO_DATE('2021-01-17 11:41:14', 'SYYYY-MM-DD HH24:MI:SS'), NULL, NULL, NULL, NULL);
INSERT INTO "SYS_POST"("POST_ID", "POST_CODE", "POST_NAME", "POST_SORT", "STATUS", "CREATE_BY", "CREATE_TIME", "UPDATE_BY", "UPDATE_TIME", "REMARK", "SITE_ID") VALUES ('3', 'hr', '人力资源', '3', '0', 'admin', TO_DATE('2021-01-17 11:41:14', 'SYYYY-MM-DD HH24:MI:SS'), NULL, NULL, NULL, NULL);
INSERT INTO "SYS_POST"("POST_ID", "POST_CODE", "POST_NAME", "POST_SORT", "STATUS", "CREATE_BY", "CREATE_TIME", "UPDATE_BY", "UPDATE_TIME", "REMARK", "SITE_ID") VALUES ('4', 'user', '普通员工', '4', '0', 'admin', TO_DATE('2021-01-17 11:41:14', 'SYYYY-MM-DD HH24:MI:SS'), NULL, NULL, NULL, NULL);
INSERT INTO "SYS_ROLE"("ROLE_ID", "ROLE_NAME", "ROLE_KEY", "ROLE_SORT", "DATA_SCOPE", "STATUS", "DEL_FLAG", "CREATE_BY", "CREATE_TIME", "UPDATE_BY", "UPDATE_TIME", "REMARK", "ROLE_TYPE") VALUES ('105', '1212', 'commonss', '99', '1', '0', '2', 'admin', TO_DATE('2021-01-18 15:10:16', 'SYYYY-MM-DD HH24:MI:SS'), NULL, NULL, NULL, '1212');
INSERT INTO "SYS_ROLE"("ROLE_ID", "ROLE_NAME", "ROLE_KEY", "ROLE_SORT", "DATA_SCOPE", "STATUS", "DEL_FLAG", "CREATE_BY", "CREATE_TIME", "UPDATE_BY", "UPDATE_TIME", "REMARK", "ROLE_TYPE") VALUES ('106', 'qwqw', 'ccc', '99', '1', '0', '2', 'admin', TO_DATE('2021-01-19 14:14:34', 'SYYYY-MM-DD HH24:MI:SS'), NULL, NULL, NULL, '70002');
INSERT INTO "SYS_ROLE"("ROLE_ID", "ROLE_NAME", "ROLE_KEY", "ROLE_SORT", "DATA_SCOPE", "STATUS", "DEL_FLAG", "CREATE_BY", "CREATE_TIME", "UPDATE_BY", "UPDATE_TIME", "REMARK", "ROLE_TYPE") VALUES ('1', '超级管理员', 'admin', '1', '1', '0', '0', 'admin', TO_DATE('2021-01-17 11:41:14', 'SYYYY-MM-DD HH24:MI:SS'), NULL, NULL, '超级管理员', NULL);
INSERT INTO "SYS_ROLE"("ROLE_ID", "ROLE_NAME", "ROLE_KEY", "ROLE_SORT", "DATA_SCOPE", "STATUS", "DEL_FLAG", "CREATE_BY", "CREATE_TIME", "UPDATE_BY", "UPDATE_TIME", "REMARK", "ROLE_TYPE") VALUES ('2', '普通角色', 'common', '2', '2', '0', '0', 'admin', TO_DATE('2021-01-17 11:41:14', 'SYYYY-MM-DD HH24:MI:SS'), 'admin', TO_DATE('2021-01-19 14:14:13', 'SYYYY-MM-DD HH24:MI:SS'), '普通角色', '70001');
INSERT INTO "SYS_ROLE_DEPT"("ROLE_ID", "DEPT_ID") VALUES ('2', '100');
INSERT INTO "SYS_ROLE_DEPT"("ROLE_ID", "DEPT_ID") VALUES ('2', '101');
INSERT INTO "SYS_ROLE_DEPT"("ROLE_ID", "DEPT_ID") VALUES ('2', '105');
INSERT INTO "SYS_SITE"("SITE_ID", "SITE_NAME", "SITE_DESC", "SITE_URL", "SITE_IMG", "SITE_SORT", "STATUS", "SITE_TYPE", "CREATE_BY", "CREATE_TIME", "UPDATE_BY", "UPDATE_TIME") VALUES ('101', '京东', '京东商城', 'jd.com', 'jd.com/favicon.ico', '1', '1', '电商', NULL, TO_DATE('2021-01-17 20:15:34', 'SYYYY-MM-DD HH24:MI:SS'), 'admin', TO_DATE('2021-01-19 13:50:05', 'SYYYY-MM-DD HH24:MI:SS'));
INSERT INTO "SYS_SITE"("SITE_ID", "SITE_NAME", "SITE_DESC", "SITE_URL", "SITE_IMG", "SITE_SORT", "STATUS", "SITE_TYPE", "CREATE_BY", "CREATE_TIME", "UPDATE_BY", "UPDATE_TIME") VALUES ('122', '百度', '百度搜索', 'baidu.com', 'baidu.com/favicon.ico', '2', '0', '搜索引擎', NULL, TO_DATE('2021-01-19 13:53:02', 'SYYYY-MM-DD HH24:MI:SS'), NULL, NULL);
INSERT INTO "SYS_USER"("USER_ID", "DEPT_ID", "LOGIN_NAME", "USER_NAME", "USER_TYPE", "EMAIL", "PHONENUMBER", "SEX", "AVATAR", "PASSWORD", "SALT", "STATUS", "DEL_FLAG", "LOGIN_IP", "LOGIN_DATE", "PWD_UPDATE_DATE", "CREATE_BY", "CREATE_TIME", "UPDATE_BY", "UPDATE_TIME", "REMARK", "OTHER_LOGIN_NAME") VALUES ('1', '103', 'admin', '若依', '00', 'ry@163.com', '15888888888', '1', NULL, '29c67a30398638269fe600f73a054934', '111111', '0', '0', '172.17.172.106', TO_DATE('2021-01-18 14:46:52', 'SYYYY-MM-DD HH24:MI:SS'), TO_DATE('2021-01-17 11:41:13', 'SYYYY-MM-DD HH24:MI:SS'), 'admin', TO_DATE('2021-01-17 11:41:13', 'SYYYY-MM-DD HH24:MI:SS'), NULL, TO_DATE('2021-01-18 14:47:05', 'SYYYY-MM-DD HH24:MI:SS'), '管理员', NULL);
INSERT INTO "SYS_USER"("USER_ID", "DEPT_ID", "LOGIN_NAME", "USER_NAME", "USER_TYPE", "EMAIL", "PHONENUMBER", "SEX", "AVATAR", "PASSWORD", "SALT", "STATUS", "DEL_FLAG", "LOGIN_IP", "LOGIN_DATE", "PWD_UPDATE_DATE", "CREATE_BY", "CREATE_TIME", "UPDATE_BY", "UPDATE_TIME", "REMARK", "OTHER_LOGIN_NAME") VALUES ('2', '105', 'ry', '若依', '00', 'ry@qq.com', '15666666666', '1', NULL, '8e6d98b90472783cc73c17047ddccf36', '222222', '0', '0', '127.0.0.1', TO_DATE('2021-01-17 11:41:13', 'SYYYY-MM-DD HH24:MI:SS'), TO_DATE('2021-01-17 11:41:13', 'SYYYY-MM-DD HH24:MI:SS'), 'admin', TO_DATE('2021-01-17 11:41:13', 'SYYYY-MM-DD HH24:MI:SS'), NULL, NULL, '测试员', NULL);
INSERT INTO "SYS_USER"("USER_ID", "DEPT_ID", "LOGIN_NAME", "USER_NAME", "USER_TYPE", "EMAIL", "PHONENUMBER", "SEX", "AVATAR", "PASSWORD", "SALT", "STATUS", "DEL_FLAG", "LOGIN_IP", "LOGIN_DATE", "PWD_UPDATE_DATE", "CREATE_BY", "CREATE_TIME", "UPDATE_BY", "UPDATE_TIME", "REMARK", "OTHER_LOGIN_NAME") VALUES ('100', '101', 'gdw', '11111', '00', '111@qq.com', '18219287651', '0', NULL, '348315e072aa2982380f6ae96183b72c', '86d141', '1', '0', NULL, NULL, NULL, 'admin', TO_DATE('2021-01-18 15:55:27', 'SYYYY-MM-DD HH24:MI:SS'), NULL, NULL, NULL, 'ddd');
INSERT INTO "SYS_USER_ONLINE"("SESSIONID", "LOGIN_NAME", "DEPT_NAME", "IPADDR", "LOGIN_LOCATION", "BROWSER", "OS", "STATUS", "START_TIMESTAMP", "LAST_ACCESS_TIME", "EXPIRE_TIME") VALUES ('20d1411c-9ee2-4b63-a997-1adc1fe0f127', 'admin', '研发部门', '127.0.0.1', '内网IP', 'Chrome 8', 'Windows 7', 'on_line', TO_DATE('2021-01-19 16:33:31', 'SYYYY-MM-DD HH24:MI:SS'), TO_DATE('2021-01-19 17:30:58', 'SYYYY-MM-DD HH24:MI:SS'), '1800000');
INSERT INTO "SYS_USER_ONLINE"("SESSIONID", "LOGIN_NAME", "DEPT_NAME", "IPADDR", "LOGIN_LOCATION", "BROWSER", "OS", "STATUS", "START_TIMESTAMP", "LAST_ACCESS_TIME", "EXPIRE_TIME") VALUES ('83139a6f-1b10-46f8-a556-7057eb87d1af', 'admin', '研发部门', '127.0.0.1', '内网IP', 'Internet Explorer 7', 'Windows 7', 'on_line', TO_DATE('2021-01-19 17:28:35', 'SYYYY-MM-DD HH24:MI:SS'), TO_DATE('2021-01-19 17:28:35', 'SYYYY-MM-DD HH24:MI:SS'), '1800000');
INSERT INTO "SYS_USER_ONLINE"("SESSIONID", "LOGIN_NAME", "DEPT_NAME", "IPADDR", "LOGIN_LOCATION", "BROWSER", "OS", "STATUS", "START_TIMESTAMP", "LAST_ACCESS_TIME", "EXPIRE_TIME") VALUES ('0e5e9f64-7adf-48ec-965f-9a93573da7b4', 'admin', '研发部门', '127.0.0.1', '内网IP', 'Chrome 8', 'Windows 10', 'on_line', TO_DATE('2021-01-19 13:54:55', 'SYYYY-MM-DD HH24:MI:SS'), TO_DATE('2021-01-19 17:25:06', 'SYYYY-MM-DD HH24:MI:SS'), '1800000');
INSERT INTO "SYS_USER_POST"("USER_ID", "POST_ID") VALUES ('1', '1');
INSERT INTO "SYS_USER_POST"("USER_ID", "POST_ID") VALUES ('2', '2');
INSERT INTO "SYS_USER_POST"("USER_ID", "POST_ID") VALUES ('100', '4');
INSERT INTO "SYS_USER_ROLE"("USER_ID", "ROLE_ID") VALUES ('1', '1');
INSERT INTO "SYS_USER_ROLE"("USER_ID", "ROLE_ID") VALUES ('2', '2');